tracking_id,service_type,status,hub_arrival_timestamp,sla_deadline,is_priority
TRK-2139410001,Next Day,In Hub,2026-09-15 14:20:13,2026-09-15 18:20:13,false
TRK-2139430002,Next Day,In Hub,2026-09-15 08:20:13,2026-09-15 18:20:13,false
TRK-2139430003,Next Day,In Hub,2026-09-15 01:20:13,2026-09-15 19:20:13,false
TRK-2139430004,Regular,In Hub,2026-09-16 00:20:13,2026-09-15 12:20:13,false
TRK-2139430005,Next Day,In Hub,2026-09-15 04:20:13,2026-09-16 02:20:13,false
TRK-2139430006,Next Day,In Hub,2026-09-15 22:20:13,2026-09-16 04:20:13,false
TRK-2139430007,Regular,In Hub,2026-09-15 19:20:13,2026-09-16 01:20:13,false
TRK-2139430008,Same Day,In Hub,2026-09-15 01:20:13,2026-09-16 01:20:13,false
TRK-2139430009,Regular,In Hub,2026-09-15 12:20:13,2026-09-15 21:20:13,false
TRK-2139430010,Same Day,In Hub,2026-09-15 19:20:13,2026-09-16 04:20:13,false
TRK-2139430011,Next Day,In Hub,2026-09-15 16:20:13,2026-09-16 06:20:13,false
TRK-2139430012,Regular,In Hub,2026-09-16 02:20:13,2026-09-15 07:20:13,false
TRK-2139430013,Next Day,In Hub,2026-09-16 01:20:13,2026-09-15 12:20:13,false
TRK-2139430014,Next Day,In Hub,2026-09-15 19:20:13,2026-09-15 12:20:13,false
TRK-2139430015,Regular,In Hub,2026-09-15 16:20:13,2026-09-16 03:20:13,false
TRK-2139430016,Same Day,In Hub,2026-09-15 20:20:13,2026-09-16 04:20:13,false
TRK-2139430017,Next Day,In Hub,2026-09-15 00:20:13,2026-09-15 21:20:13,false
TRK-2139430018,Next Day,In Hub,2026-09-16 06:20:13,2026-09-15 16:20:13,false
TRK-2139430019,Regular,In Hub,2026-09-15 18:20:13,2026-09-15 16:20:13,false
TRK-2139430020,Same Day,In Hub,2026-09-15 16:20:13,2026-09-15 08:20:13,false
TRK-2139430021,Next Day,In Hub,2026-09-15 11:20:13,2026-09-15 09:20:13,false
TRK-2139430022,Regular,In Hub,2026-09-15 04:20:13,2026-09-15 17:20:13,false
TRK-2139430023,Regular,In Hub,2026-09-16 03:20:13,2026-09-15 09:20:13,false
TRK-2139430024,Regular,In Hub,2026-09-15 07:20:13,2026-09-16 02:20:13,false
TRK-2139430025,Same Day,In Hub,2026-09-15 05:20:13,2026-09-16 01:20:13,false
TRK-2139430026,Next Day,In Hub,2026-09-15 00:20:13,2026-09-16 00:20:13,false
TRK-2139430027,Same Day,In Hub,2026-09-15 12:20:13,2026-09-16 03:20:13,false
TRK-2139430028,Same Day,In Hub,2026-09-16 01:20:13,2026-09-15 14:20:13,false
TRK-2139430029,Regular,In Hub,2026-09-15 18:20:13,2026-09-16 05:20:13,false
TRK-2139430030,Regular,In Hub,2026-09-15 15:20:13,2026-09-15 19:20:13,false
TRK-2139430031,Regular,In Hub,2026-09-15 14:20:13,2026-09-15 11:20:13,false
TRK-2139430032,Next Day,In Hub,2026-09-15 09:20:13,2026-09-15 23:20:13,false
TRK-2139430033,Next Day,In Hub,2026-09-15 11:20:13,2026-09-16 06:20:13,false
TRK-2139430034,Same Day,In Hub,2026-09-15 22:20:13,2026-09-16 05:20:13,false
TRK-2139430035,Same Day,In Hub,2026-09-16 03:20:13,2026-09-15 10:20:13,false
TRK-2139430036,Regular,In Hub,2026-09-15 06:20:13,2026-09-16 02:20:13,false
TRK-2139430037,Same Day,In Hub,2026-09-16 06:20:13,2026-09-15 13:20:13,false
TRK-2139430038,Same Day,In Hub,2026-09-15 22:20:13,2026-09-15 09:20:13,false
TRK-2139430039,Next Day,In Hub,2026-09-15 03:20:13,2026-09-15 23:20:13,false
TRK-2139430040,Same Day,In Hub,2026-09-15 10:20:13,2026-09-16 05:20:13,false
TRK-2139430041,Same Day,In Hub,2026-09-15 01:20:13,2026-09-15 21:20:13,false
TRK-2139430042,Same Day,In Hub,2026-09-15 08:20:13,2026-09-15 08:20:13,false
TRK-2139430043,Regular,In Hub,2026-09-16 06:20:13,2026-09-15 10:20:13,false
TRK-2139430044,Regular,In Hub,2026-09-15 19:20:13,2026-09-15 08:20:13,false
TRK-2139430045,Same Day,In Hub,2026-09-15 14:20:13,2026-09-15 14:20:13,false
TRK-2139430046,Regular,In Hub,2026-09-15 01:20:13,2026-09-15 17:20:13,false
TRK-2139430047,Regular,In Hub,2026-09-15 02:20:13,2026-09-16 02:20:13,false
TRK-2139430048,Regular,In Hub,2026-09-15 07:20:13,2026-09-15 20:20:13,false
TRK-2139430049,Regular,In Hub,2026-09-15 07:20:13,2026-09-16 00:20:13,false
TRK-2139430050,Same Day,In Hub,2026-09-14 20:20:13,2026-09-15 19:20:13,false
TRK-2139430051,Same Day,In Hub,2026-09-15 01:20:13,2026-09-15 22:20:13,false
TRK-2139430052,Next Day,In Hub,2026-09-15 17:20:13,2026-09-16 04:20:13,false
TRK-2139430053,Same Day,In Hub,2026-09-16 02:20:13,2026-09-15 13:20:13,false
TRK-2139430054,Next Day,In Hub,2026-09-15 19:20:13,2026-09-16 04:20:13,false
TRK-2139430055,Same Day,In Hub,2026-09-15 18:20:13,2026-09-15 12:20:13,false
TRK-2139430056,Regular,In Hub,2026-09-15 18:20:13,2026-09-15 15:20:13,false
TRK-2139430057,Regular,In Hub,2026-09-15 00:20:13,2026-09-15 19:20:13,false
TRK-2139430058,Regular,In Hub,2026-09-15 10:20:13,2026-09-15 09:20:13,false
TRK-2139430059,Regular,In Hub,2026-09-15 17:20:13,2026-09-15 13:20:13,false
TRK-2139430060,Same Day,In Hub,2026-09-16 07:20:13,2026-09-15 14:20:13,false
TRK-2139430061,Regular,In Hub,2026-09-15 17:20:13,2026-09-16 05:20:13,false
TRK-2139430062,Regular,In Hub,2026-09-15 15:20:13,2026-09-15 11:20:13,false
TRK-2139430063,Next Day,In Hub,2026-09-15 19:20:13,2026-09-16 02:20:13,false
TRK-2139430064,Next Day,In Hub,2026-09-15 10:20:13,2026-09-15 17:20:13,false
TRK-2139430065,Regular,In Hub,2026-09-15 20:20:13,2026-09-15 07:20:13,false
TRK-2139430066,Regular,In Hub,2026-09-14 21:20:13,2026-09-15 19:20:13,false
TRK-2139430067,Same Day,In Hub,2026-09-14 23:20:13,2026-09-15 18:20:13,false
TRK-2139430068,Next Day,In Hub,2026-09-15 17:20:13,2026-09-16 03:20:13,false
TRK-2139430069,Regular,In Hub,2026-09-15 14:20:13,2026-09-15 11:20:13,false
TRK-2139430070,Same Day,In Hub,2026-09-15 11:20:13,2026-09-15 11:20:13,false
TRK-2139430071,Next Day,In Hub,2026-09-16 05:20:13,2026-09-15 10:20:13,false
TRK-2139430072,Regular,In Hub,2026-09-16 05:20:13,2026-09-15 13:20:13,false
TRK-2139430073,Regular,In Hub,2026-09-15 19:20:13,2026-09-15 11:20:13,false
TRK-2139430074,Same Day,In Hub,2026-09-16 07:20:13,2026-09-15 11:20:13,false
TRK-2139430075,Next Day,In Hub,2026-09-15 00:20:13,2026-09-15 21:20:13,false
TRK-2139430076,Same Day,In Hub,2026-09-15 19:20:13,2026-09-16 01:20:13,false
TRK-2139430077,Next Day,In Hub,2026-09-16 03:20:13,2026-09-15 08:20:13,false
TRK-2139430078,Next Day,In Hub,2026-09-15 08:20:13,2026-09-15 08:20:13,false
TRK-2139430079,Regular,In Hub,2026-09-15 08:20:13,2026-09-15 23:20:13,false
TRK-2139430080,Next Day,In Hub,2026-09-15 19:20:13,2026-09-15 10:20:13,false
TRK-2139430081,Same Day,In Hub,2026-09-15 17:20:13,2026-09-15 11:20:13,false
TRK-2139430082,Next Day,In Hub,2026-09-15 09:20:13,2026-09-16 01:20:13,false
TRK-2139430083,Same Day,In Hub,2026-09-15 10:20:13,2026-09-15 23:20:13,false
TRK-2139430084,Same Day,In Hub,2026-09-16 03:20:13,2026-09-15 11:20:13,false
TRK-2139430085,Regular,In Hub,2026-09-15 22:20:13,2026-09-16 04:20:13,false
TRK-2139430086,Same Day,In Hub,2026-09-15 17:20:13,2026-09-16 01:20:13,false
TRK-2139430087,Next Day,In Hub,2026-09-15 12:20:13,2026-09-15 10:20:13,false
TRK-2139430088,Same Day,In Hub,2026-09-15 13:20:13,2026-09-16 01:20:13,false
TRK-2139430089,Regular,In Hub,2026-09-15 19:20:13,2026-09-16 03:20:13,false
TRK-2139430090,Regular,In Hub,2026-09-15 17:20:13,2026-09-16 03:20:13,false
TRK-2139430091,Same Day,In Hub,2026-09-15 10:20:13,2026-09-15 20:20:13,false
TRK-2139430092,Same Day,In Hub,2026-09-15 21:20:13,2026-09-16 05:20:13,false
TRK-2139430093,Next Day,In Hub,2026-09-15 06:20:13,2026-09-16 02:20:13,false
TRK-2139430094,Regular,In Hub,2026-09-15 18:20:13,2026-09-15 10:20:13,false
TRK-2139430095,Next Day,In Hub,2026-09-16 05:20:13,2026-09-15 13:20:13,false
TRK-2139430096,Same Day,In Hub,2026-09-15 07:20:13,2026-09-16 01:20:13,false
TRK-2139430097,Regular,In Hub,2026-09-16 01:20:13,2026-09-15 08:20:13,false
TRK-2139430098,Same Day,In Hub,2026-09-15 09:20:13,2026-09-15 23:20:13,false
TRK-2139430099,Same Day,In Hub,2026-09-15 11:20:13,2026-09-15 07:20:13,false
TRK-2139430100,Regular,In Hub,2026-09-15 05:20:13,2026-09-15 20:20:13,false
TRK-2139430101,Regular,In Hub,2026-09-16 01:20:13,2026-09-16 08:53:13,false
TRK-2139430102,Same Day,In Hub,2026-09-16 00:20:13,2026-09-16 08:21:13,false
TRK-2139430103,Same Day,In Hub,2026-09-16 00:20:13,2026-09-16 07:50:13,false
TRK-2139430104,Next Day,In Hub,2026-09-16 01:20:13,2026-09-16 07:54:13,false
TRK-2139430105,Regular,In Hub,2026-09-15 22:20:13,2026-09-16 08:04:13,false
TRK-2139430106,Next Day,In Hub,2026-09-16 03:20:13,2026-09-16 09:16:13,false
TRK-2139430107,Next Day,In Hub,2026-09-15 23:20:13,2026-09-16 08:58:13,false
TRK-2139430108,Same Day,In Hub,2026-09-15 20:20:13,2026-09-16 09:11:13,false
TRK-2139430109,Regular,In Hub,2026-09-15 22:20:13,2026-09-16 08:06:13,false
TRK-2139430110,Regular,In Hub,2026-09-15 22:20:13,2026-09-16 07:44:13,false
TRK-2139430111,Same Day,In Hub,2026-09-15 21:20:13,2026-09-16 09:19:13,false
TRK-2139430112,Next Day,In Hub,2026-09-15 20:20:13,2026-09-16 08:31:13,false
TRK-2139430113,Same Day,In Hub,2026-09-16 03:20:13,2026-09-16 08:52:13,false
TRK-2139430114,Next Day,In Hub,2026-09-16 02:20:13,2026-09-16 09:12:13,false
TRK-2139430115,Next Day,In Hub,2026-09-15 22:20:13,2026-09-16 08:37:13,false
TRK-2139430116,Next Day,In Hub,2026-09-16 01:20:13,2026-09-16 08:14:13,false
TRK-2139430117,Next Day,In Hub,2026-09-16 01:20:13,2026-09-16 07:43:13,false
TRK-2139430118,Same Day,In Hub,2026-09-15 21:20:13,2026-09-16 08:39:13,false
TRK-2139430119,Next Day,In Hub,2026-09-15 21:20:13,2026-09-16 08:56:13,false
TRK-2139430120,Same Day,In Hub,2026-09-15 22:20:13,2026-09-16 08:44:13,false
TRK-2139430121,Same Day,In Hub,2026-09-16 02:20:13,2026-09-16 09:13:13,false
TRK-2139430122,Next Day,In Hub,2026-09-16 01:20:13,2026-09-16 08:41:13,false
TRK-2139430123,Same Day,In Hub,2026-09-16 02:20:13,2026-09-16 08:57:13,false
TRK-2139430124,Next Day,In Hub,2026-09-16 00:20:13,2026-09-16 08:20:13,false
TRK-2139430125,Regular,In Hub,2026-09-15 19:20:13,2026-09-16 08:32:13,false
TRK-2139430126,Same Day,In Hub,2026-09-15 22:20:13,2026-09-16 08:10:13,false
TRK-2139430127,Same Day,In Hub,2026-09-15 22:20:13,2026-09-16 08:33:13,false
TRK-2139430128,Same Day,In Hub,2026-09-16 02:20:13,2026-09-16 08:05:13,false
TRK-2139430129,Regular,In Hub,2026-09-16 02:20:13,2026-09-16 07:44:13,false
TRK-2139430130,Regular,In Hub,2026-09-16 02:20:13,2026-09-16 07:46:13,false
TRK-2139430131,Next Day,In Hub,2026-09-16 00:20:13,2026-09-16 08:13:13,false
TRK-2139430132,Same Day,In Hub,2026-09-16 02:20:13,2026-09-16 08:37:13,false
TRK-2139430133,Next Day,In Hub,2026-09-16 02:20:13,2026-09-16 08:57:13,false
TRK-2139430134,Same Day,In Hub,2026-09-15 20:20:13,2026-09-16 08:51:13,false
TRK-2139430135,Same Day,In Hub,2026-09-15 19:20:13,2026-09-16 07:42:13,false
TRK-2139430136,Same Day,In Hub,2026-09-15 23:20:13,2026-09-16 08:20:13,false
TRK-2139430137,Regular,In Hub,2026-09-16 00:20:13,2026-09-16 08:58:13,false
TRK-2139430138,Regular,In Hub,2026-09-15 22:20:13,2026-09-16 09:09:13,false
TRK-2139440139,Regular,In Hub,2026-09-15 20:20:13,2026-09-16 07:36:13,false
TRK-2139440140,Regular,In Hub,2026-09-15 21:20:13,2026-09-16 09:14:13,false
TRK-2139440141,Next Day,In Hub,2026-09-16 00:20:13,2026-09-16 07:45:13,false
TRK-2139440142,Regular,In Hub,2026-09-15 23:20:13,2026-09-16 07:37:13,false
TRK-2139440143,Same Day,In Hub,2026-09-16 01:20:13,2026-09-16 08:30:13,false
TRK-2139440144,Next Day,In Hub,2026-09-15 21:20:13,2026-09-16 08:13:13,false
TRK-2139440145,Regular,In Hub,2026-09-16 01:20:13,2026-09-16 09:10:13,false
TRK-2139440146,Regular,In Hub,2026-09-15 21:20:13,2026-09-16 08:49:13,false
TRK-2139440147,Next Day,In Hub,2026-09-15 22:20:13,2026-09-16 07:52:13,false
TRK-2139440148,Next Day,In Hub,2026-09-16 00:20:13,2026-09-16 08:51:13,false
TRK-2139440149,Same Day,In Hub,2026-09-15 21:20:13,2026-09-16 08:32:13,false
TRK-2139440150,Regular,In Hub,2026-09-15 19:20:13,2026-09-16 09:11:13,false
TRK-2139440151,Same Day,In Hub,2026-09-15 19:20:13,2026-09-16 08:59:13,false
TRK-2139440152,Regular,In Hub,2026-09-16 02:20:13,2026-09-16 07:55:13,false
TRK-2139440153,Regular,In Hub,2026-09-15 21:20:13,2026-09-16 08:13:13,false
TRK-2139440154,Regular,In Hub,2026-09-16 01:20:13,2026-09-16 08:07:13,false
TRK-2139440155,Regular,In Hub,2026-09-15 21:20:13,2026-09-16 08:15:13,false
TRK-2139440156,Regular,In Hub,2026-09-16 02:20:13,2026-09-16 09:05:13,false
TRK-2139440157,Regular,In Hub,2026-09-15 19:20:13,2026-09-16 08:53:13,false
TRK-2139440158,Same Day,In Hub,2026-09-15 21:20:13,2026-09-16 08:56:13,false
TRK-2139440159,Regular,In Hub,2026-09-15 20:20:13,2026-09-16 08:23:13,false
TRK-2139440160,Next Day,In Hub,2026-09-15 19:20:13,2026-09-16 08:01:13,false
TRK-2139440161,Next Day,In Hub,2026-09-15 19:20:13,2026-09-16 08:48:13,false
TRK-2139440162,Next Day,In Hub,2026-09-15 23:20:13,2026-09-16 08:57:13,false
TRK-2139440163,Next Day,In Hub,2026-09-16 02:20:13,2026-09-16 07:53:13,false
TRK-2139440164,Next Day,In Hub,2026-09-15 22:20:13,2026-09-16 08:41:13,false
TRK-2139440165,Next Day,In Hub,2026-09-16 02:20:13,2026-09-16 09:04:13,false
TRK-2139440166,Regular,In Hub,2026-09-16 02:20:13,2026-09-16 07:51:13,false
TRK-2139440167,Same Day,In Hub,2026-09-16 02:20:13,2026-09-16 07:38:13,false
TRK-2139440168,Same Day,In Hub,2026-09-15 20:20:13,2026-09-16 08:57:13,false
TRK-2139440169,Next Day,In Hub,2026-09-16 00:20:13,2026-09-16 07:46:13,false
TRK-2139440170,Next Day,In Hub,2026-09-16 03:20:13,2026-09-16 08:15:13,false
TRK-2139440171,Next Day,In Hub,2026-09-15 21:20:13,2026-09-16 09:01:13,false
TRK-2139440172,Same Day,In Hub,2026-09-15 22:20:13,2026-09-16 07:39:13,false
TRK-2139440173,Next Day,In Hub,2026-09-16 03:20:13,2026-09-16 08:34:13,false
TRK-2139440174,Regular,In Hub,2026-09-15 22:20:13,2026-09-16 08:56:13,false
TRK-2139440175,Regular,In Hub,2026-09-15 20:20:13,2026-09-16 09:06:13,false
TRK-2139440176,Same Day,In Hub,2026-09-16 01:20:13,2026-09-16 08:50:13,false
TRK-2139440177,Same Day,In Hub,2026-09-15 23:20:13,2026-09-16 08:25:13,false
TRK-2139440178,Regular,In Hub,2026-09-15 21:20:13,2026-09-16 08:50:13,false
TRK-2139440179,Same Day,In Hub,2026-09-15 20:20:13,2026-09-16 07:48:13,false
TRK-2139440180,Regular,In Hub,2026-09-16 02:20:13,2026-09-16 07:59:13,false
TRK-2139440181,Same Day,In Hub,2026-09-16 00:20:13,2026-09-16 07:38:13,false
TRK-2139440182,Regular,In Hub,2026-09-15 23:20:13,2026-09-16 08:41:13,false
TRK-2139440183,Same Day,In Hub,2026-09-16 00:20:13,2026-09-16 07:37:13,false
TRK-2139440184,Same Day,In Hub,2026-09-16 02:20:13,2026-09-16 08:04:13,false
TRK-2139440185,Regular,In Hub,2026-09-16 00:20:13,2026-09-16 08:15:13,false
TRK-2139440186,Regular,In Hub,2026-09-15 22:20:13,2026-09-16 08:21:13,false
TRK-2139440187,Next Day,In Hub,2026-09-16 03:20:13,2026-09-16 09:09:13,false
TRK-2139440188,Same Day,In Hub,2026-09-16 03:20:13,2026-09-16 08:04:13,false
TRK-2139440189,Same Day,In Hub,2026-09-15 23:20:13,2026-09-16 09:15:13,false
TRK-2139440190,Same Day,In Hub,2026-09-15 21:20:13,2026-09-16 08:04:13,false
TRK-2139440191,Regular,In Hub,2026-09-15 20:20:13,2026-09-16 07:42:13,false
TRK-2139440192,Next Day,In Hub,2026-09-15 21:20:13,2026-09-16 07:57:13,false
TRK-2139440193,Next Day,In Hub,2026-09-16 03:20:13,2026-09-16 08:20:13,false
TRK-2139440194,Regular,In Hub,2026-09-15 21:20:13,2026-09-16 07:37:13,false
TRK-2139440195,Next Day,In Hub,2026-09-15 21:20:13,2026-09-16 08:17:13,false
TRK-2139440196,Next Day,In Hub,2026-09-16 01:20:13,2026-09-16 08:34:13,false
TRK-2139440197,Regular,In Hub,2026-09-15 20:20:13,2026-09-16 08:05:13,false
TRK-2139440198,Regular,In Hub,2026-09-16 01:20:13,2026-09-16 07:56:13,false
TRK-2139440199,Same Day,In Hub,2026-09-16 01:20:13,2026-09-16 08:47:13,false
TRK-2139440200,Regular,In Hub,2026-09-15 19:20:13,2026-09-16 07:42:13,false
TRK-2139440201,Regular,In Hub,2026-09-16 03:20:13,2026-09-16 08:42:13,false
TRK-2139440202,Next Day,In Hub,2026-09-15 21:20:13,2026-09-16 08:38:13,false
TRK-2139440203,Next Day,In Hub,2026-09-16 01:20:13,2026-09-16 08:02:13,false
TRK-2139440204,Next Day,In Hub,2026-09-16 02:20:13,2026-09-16 08:46:13,false
TRK-2139440205,Next Day,In Hub,2026-09-15 19:20:13,2026-09-16 09:11:13,false
TRK-2139440206,Next Day,In Hub,2026-09-15 20:20:13,2026-09-16 07:31:13,false
TRK-2139440207,Same Day,In Hub,2026-09-15 22:20:13,2026-09-16 07:57:13,false
TRK-2139440208,Next Day,In Hub,2026-09-15 21:20:13,2026-09-16 08:33:13,false
TRK-2139440209,Regular,In Hub,2026-09-16 03:20:13,2026-09-16 08:32:13,false
TRK-2139440210,Same Day,In Hub,2026-09-15 20:20:13,2026-09-16 07:39:13,false
TRK-2139440211,Next Day,In Hub,2026-09-16 00:20:13,2026-09-16 07:55:13,false
TRK-2139440212,Regular,In Hub,2026-09-15 20:20:13,2026-09-16 08:10:13,false
TRK-2139440213,Regular,In Hub,2026-09-15 21:20:13,2026-09-16 07:37:13,false
TRK-2139440214,Next Day,In Hub,2026-09-16 00:20:13,2026-09-16 07:53:13,false
TRK-2139440215,Regular,In Hub,2026-09-16 02:20:13,2026-09-16 08:45:13,false
TRK-2139440216,Same Day,In Hub,2026-09-15 19:20:13,2026-09-16 08:39:13,false
TRK-2139440217,Same Day,In Hub,2026-09-15 23:20:13,2026-09-16 08:55:13,false
TRK-2139440218,Next Day,In Hub,2026-09-15 23:20:13,2026-09-16 08:33:13,false
TRK-2139440219,Same Day,In Hub,2026-09-15 20:20:13,2026-09-16 08:35:13,false
TRK-2139440220,Regular,In Hub,2026-09-15 20:20:13,2026-09-16 08:21:13,false
TRK-2139440221,Regular,In Hub,2026-09-15 19:20:13,2026-09-16 07:50:13,false
TRK-2139440222,Next Day,In Hub,2026-09-15 20:20:13,2026-09-16 07:50:13,false
TRK-2139440223,Same Day,In Hub,2026-09-16 03:20:13,2026-09-16 08:06:13,false
TRK-2139440224,Same Day,In Hub,2026-09-15 22:20:13,2026-09-16 07:55:13,false
TRK-2139440225,Same Day,In Hub,2026-09-16 02:20:13,2026-09-16 07:43:13,false
TRK-2139440226,Regular,In Hub,2026-09-15 19:20:13,2026-09-16 08:12:13,false
TRK-2139440227,Next Day,In Hub,2026-09-15 23:20:13,2026-09-16 09:17:13,false
TRK-2139440228,Regular,In Hub,2026-09-15 19:20:13,2026-09-16 08:29:13,false
TRK-2139440229,Regular,In Hub,2026-09-15 23:20:13,2026-09-16 08:06:13,false
TRK-2139440230,Next Day,In Hub,2026-09-16 03:20:13,2026-09-16 08:20:13,false
TRK-2139440231,Next Day,In Hub,2026-09-16 01:20:13,2026-09-16 09:10:13,false
TRK-2139440232,Next Day,In Hub,2026-09-15 23:20:13,2026-09-16 07:30:13,false
TRK-2139440233,Next Day,In Hub,2026-09-16 01:20:13,2026-09-16 08:50:13,false
TRK-2139440234,Next Day,In Hub,2026-09-16 02:20:13,2026-09-16 09:10:13,false
TRK-2139440235,Same Day,In Hub,2026-09-16 02:20:13,2026-09-16 08:45:13,false
TRK-2139440236,Regular,In Hub,2026-09-15 20:20:13,2026-09-16 07:49:13,false
TRK-2139440237,Next Day,In Hub,2026-09-15 21:20:13,2026-09-16 07:31:13,false
TRK-2139440238,Regular,In Hub,2026-09-15 21:20:13,2026-09-16 08:43:13,false
TRK-2139440239,Regular,In Hub,2026-09-15 23:20:13,2026-09-16 09:14:13,false
TRK-2139440240,Next Day,In Hub,2026-09-15 22:20:13,2026-09-16 09:18:13,false
TRK-2139440241,Same Day,In Hub,2026-09-16 01:20:13,2026-09-16 07:32:13,false
TRK-2139440242,Next Day,In Hub,2026-09-15 23:20:13,2026-09-16 09:11:13,false
TRK-2139440243,Next Day,In Hub,2026-09-16 02:20:13,2026-09-16 07:33:13,false
TRK-2139440244,Next Day,In Hub,2026-09-16 01:20:13,2026-09-16 09:10:13,false
TRK-2139440245,Same Day,In Hub,2026-09-15 21:20:13,2026-09-16 08:17:13,false
TRK-2139440246,Next Day,In Hub,2026-09-15 22:20:13,2026-09-16 08:10:13,false
TRK-2139440247,Regular,In Hub,2026-09-15 23:20:13,2026-09-16 07:57:13,false
TRK-2139440248,Regular,In Hub,2026-09-16 03:20:13,2026-09-16 07:43:13,false
TRK-2139440249,Next Day,In Hub,2026-09-15 19:20:13,2026-09-16 09:19:13,false
TRK-2139440250,Next Day,In Hub,2026-09-15 23:20:13,2026-09-16 08:29:13,false
TRK-2139440251,Same Day,In Hub,2026-09-16 00:20:13,2026-09-16 08:41:13,false
TRK-2139440252,Next Day,In Hub,2026-09-15 21:20:13,2026-09-16 08:30:13,false
TRK-2139440253,Same Day,In Hub,2026-09-15 19:20:13,2026-09-16 09:17:13,false
TRK-2139440254,Same Day,In Hub,2026-09-15 20:20:13,2026-09-16 08:28:13,false
TRK-2139440255,Same Day,In Hub,2026-09-15 20:20:13,2026-09-16 08:22:13,false
TRK-2139440256,Next Day,In Hub,2026-09-16 02:20:13,2026-09-16 07:34:13,false
TRK-2139440257,Regular,In Hub,2026-09-16 01:20:13,2026-09-16 08:51:13,false
TRK-2139440258,Same Day,In Hub,2026-09-15 22:20:13,2026-09-16 07:41:13,false
TRK-2139440259,Next Day,In Hub,2026-09-15 19:20:13,2026-09-16 08:39:13,false
TRK-2139440260,Next Day,In Hub,2026-09-15 21:20:13,2026-09-16 08:58:13,false
TRK-2139440261,Regular,In Hub,2026-09-15 19:20:13,2026-09-16 07:35:13,false
TRK-2139440262,Same Day,In Hub,2026-09-15 23:20:13,2026-09-16 07:51:13,false
TRK-2139440263,Next Day,In Hub,2026-09-16 03:20:13,2026-09-16 07:42:13,false
TRK-2139440264,Regular,In Hub,2026-09-15 21:20:13,2026-09-16 09:09:13,false
TRK-2139440265,Next Day,In Hub,2026-09-15 20:20:13,2026-09-16 09:05:13,false
TRK-2139440266,Same Day,In Hub,2026-09-16 03:20:13,2026-09-16 08:38:13,false
TRK-2139440267,Same Day,In Hub,2026-09-16 01:20:13,2026-09-16 08:26:13,false
TRK-2139440268,Regular,In Hub,2026-09-15 19:20:13,2026-09-16 08:35:13,false
TRK-2139440269,Same Day,In Hub,2026-09-16 03:20:13,2026-09-16 08:38:13,false
TRK-2139440270,Regular,In Hub,2026-09-16 03:20:13,2026-09-16 08:15:13,false
TRK-2139440271,Regular,In Hub,2026-09-16 03:20:13,2026-09-16 08:23:13,false
TRK-2139440272,Next Day,In Hub,2026-09-15 19:20:13,2026-09-16 09:16:13,false
TRK-2139440273,Same Day,In Hub,2026-09-16 02:20:13,2026-09-16 07:49:13,false
TRK-2139440274,Next Day,In Hub,2026-09-15 22:20:13,2026-09-16 08:24:13,false
TRK-2139440275,Next Day,In Hub,2026-09-15 21:20:13,2026-09-16 08:47:13,false
TRK-2139440276,Next Day,In Hub,2026-09-15 19:20:13,2026-09-16 08:43:13,false
TRK-2139440277,Next Day,In Hub,2026-09-15 21:20:13,2026-09-16 08:41:13,false
TRK-2139440278,Next Day,In Hub,2026-09-15 20:20:13,2026-09-16 09:06:13,false
TRK-2139440279,Regular,In Hub,2026-09-15 22:20:13,2026-09-16 07:31:13,false
TRK-2139440280,Same Day,In Hub,2026-09-15 19:20:13,2026-09-16 07:49:13,false
TRK-2139440281,Regular,In Hub,2026-09-15 21:20:13,2026-09-16 08:43:13,false
TRK-2139440282,Regular,In Hub,2026-09-15 23:20:13,2026-09-16 08:15:13,false
TRK-2139440283,Next Day,In Hub,2026-09-16 00:20:13,2026-09-16 09:14:13,false
TRK-2139440284,Regular,In Hub,2026-09-15 19:20:13,2026-09-16 07:30:13,false
TRK-2139440285,Next Day,In Hub,2026-09-16 01:20:13,2026-09-16 08:22:13,false
TRK-2139440286,Same Day,In Hub,2026-09-15 22:20:13,2026-09-16 08:00:13,false
TRK-2139440287,Same Day,In Hub,2026-09-15 23:20:13,2026-09-16 07:58:13,false
TRK-2139440288,Regular,In Hub,2026-09-16 00:20:13,2026-09-16 07:50:13,false
TRK-2139440289,Same Day,In Hub,2026-09-16 02:20:13,2026-09-16 09:12:13,false
TRK-2139440290,Same Day,In Hub,2026-09-15 19:20:13,2026-09-16 07:59:13,false
TRK-2139440291,Same Day,In Hub,2026-09-15 23:20:13,2026-09-16 08:21:13,false
TRK-2139440292,Regular,In Hub,2026-09-15 21:20:13,2026-09-16 08:18:13,false
TRK-2139440293,Next Day,In Hub,2026-09-15 19:20:13,2026-09-16 07:39:13,false
TRK-2139440294,Same Day,In Hub,2026-09-16 02:20:13,2026-09-16 07:56:13,false
TRK-2139440295,Next Day,In Hub,2026-09-15 23:20:13,2026-09-16 08:25:13,false
TRK-2139440296,Same Day,In Hub,2026-09-16 02:20:13,2026-09-16 08:16:13,false
TRK-2139440297,Same Day,In Hub,2026-09-15 22:20:13,2026-09-16 08:21:13,false
TRK-2139440298,Next Day,In Hub,2026-09-15 19:20:13,2026-09-16 08:31:13,false
TRK-2139440299,Same Day,In Hub,2026-09-15 21:20:13,2026-09-16 08:34:13,false
TRK-2139440300,Regular,In Hub,2026-09-15 21:20:13,2026-09-16 08:45:13,false
TRK-2139440301,Regular,In Hub,2026-09-16 05:20:13,2026-09-16 18:20:13,true
TRK-2139440302,Same Day,In Hub,2026-09-16 06:20:13,2026-09-16 15:20:13,true
TRK-2139440303,Same Day,In Hub,2026-09-16 04:20:13,2026-09-16 17:20:13,true
TRK-2139440304,Same Day,In Hub,2026-09-16 06:20:13,2026-09-16 13:20:13,true
TRK-2139440305,Regular,In Hub,2026-09-16 04:20:13,2026-09-16 13:20:13,true
TRK-2139440306,Next Day,In Hub,2026-09-16 04:20:13,2026-09-16 17:20:13,true
TRK-2139440307,Next Day,In Hub,2026-09-16 05:20:13,2026-09-16 16:20:13,true
TRK-2139440308,Same Day,In Hub,2026-09-16 06:20:13,2026-09-16 15:20:13,true
TRK-2139440309,Same Day,In Hub,2026-09-16 06:20:13,2026-09-16 16:20:13,true
TRK-2139440310,Regular,In Hub,2026-09-16 06:20:13,2026-09-16 18:20:13,true
TRK-2139440311,Next Day,In Hub,2026-09-16 06:20:13,2026-09-16 13:20:13,true
TRK-2139440312,Regular,In Hub,2026-09-16 06:20:13,2026-09-16 12:20:13,true
TRK-2139440313,Next Day,In Hub,2026-09-16 04:20:13,2026-09-16 14:20:13,true
TRK-2139440314,Same Day,In Hub,2026-09-16 06:20:13,2026-09-16 18:20:13,true
TRK-2139440315,Next Day,In Hub,2026-09-16 06:20:13,2026-09-16 14:20:13,true
TRK-2139440316,Regular,In Hub,2026-09-16 05:20:13,2026-09-16 15:20:13,true
TRK-2139440317,Regular,In Hub,2026-09-16 06:20:13,2026-09-16 15:20:13,true
TRK-2139440318,Next Day,In Hub,2026-09-16 04:20:13,2026-09-16 14:20:13,true
TRK-2139440319,Next Day,In Hub,2026-09-16 06:20:13,2026-09-16 12:20:13,true
TRK-2139440320,Next Day,In Hub,2026-09-16 04:20:13,2026-09-16 14:20:13,true
TRK-2139440321,Next Day,In Hub,2026-09-16 04:20:13,2026-09-16 17:20:13,true
TRK-2139440322,Same Day,In Hub,2026-09-16 04:20:13,2026-09-16 18:20:13,true
TRK-2139440323,Next Day,In Hub,2026-09-16 05:20:13,2026-09-16 18:20:13,true
TRK-2139440324,Same Day,In Hub,2026-09-16 05:20:13,2026-09-16 12:20:13,true
TRK-2139450325,Next Day,In Hub,2026-09-16 06:20:13,2026-09-16 19:20:13,true
TRK-2139450326,Regular,In Hub,2026-09-16 04:20:13,2026-09-16 15:20:13,true
TRK-2139450327,Same Day,In Hub,2026-09-16 05:20:13,2026-09-16 12:20:13,true
TRK-2139450328,Same Day,In Hub,2026-09-16 05:20:13,2026-09-16 17:20:13,true
TRK-2139450329,Same Day,In Hub,2026-09-16 04:20:13,2026-09-16 13:20:13,true
TRK-2139450330,Next Day,In Hub,2026-09-16 06:20:13,2026-09-16 14:20:13,true
TRK-2139450331,Regular,In Hub,2026-09-16 06:20:13,2026-09-16 12:20:13,true
TRK-2139450332,Regular,In Hub,2026-09-16 05:20:13,2026-09-16 15:20:13,true
TRK-2139450333,Next Day,In Hub,2026-09-16 06:20:13,2026-09-16 15:20:13,true
TRK-2139450334,Next Day,In Hub,2026-09-16 06:20:13,2026-09-16 14:20:13,true
TRK-2139450335,Next Day,In Hub,2026-09-16 05:20:13,2026-09-16 17:20:13,true
TRK-2139450336,Next Day,In Hub,2026-09-16 05:20:13,2026-09-16 17:20:13,true
TRK-2139450337,Regular,In Hub,2026-09-16 05:20:13,2026-09-16 16:20:13,true
TRK-2139450338,Regular,In Hub,2026-09-16 06:20:13,2026-09-16 17:20:13,true
TRK-2139450339,Regular,In Hub,2026-09-16 04:20:13,2026-09-16 12:20:13,true
TRK-2139450340,Next Day,In Hub,2026-09-16 04:20:13,2026-09-16 15:20:13,true
TRK-2139450341,Next Day,In Hub,2026-09-16 06:20:13,2026-09-16 19:20:13,true
TRK-2139450342,Same Day,In Hub,2026-09-16 05:20:13,2026-09-16 15:20:13,true
TRK-2139450343,Same Day,In Hub,2026-09-16 04:20:13,2026-09-16 15:20:13,true
TRK-2139450344,Same Day,In Hub,2026-09-16 04:20:13,2026-09-16 13:20:13,true
TRK-2139450345,Next Day,In Hub,2026-09-16 04:20:13,2026-09-16 12:20:13,true
TRK-2139450346,Same Day,In Hub,2026-09-16 06:20:13,2026-09-16 14:20:13,true
TRK-2139450347,Regular,In Hub,2026-09-16 06:20:13,2026-09-16 18:20:13,true
TRK-2139450348,Next Day,In Hub,2026-09-16 06:20:13,2026-09-16 14:20:13,true
TRK-2139450349,Regular,In Hub,2026-09-16 05:20:13,2026-09-16 15:20:13,true
TRK-2139450350,Regular,In Hub,2026-09-16 04:20:13,2026-09-16 13:20:13,true
TRK-2139450351,Next Day,In Transit,2026-09-15 22:20:13,2026-09-18 06:20:13,false
TRK-2139450352,Same Day,In Transit,2026-09-16 04:20:13,2026-09-17 09:20:13,false
TRK-2139450353,Regular,In Transit,2026-09-16 01:20:13,2026-09-18 12:20:13,false
TRK-2139450354,Same Day,In Hub,2026-09-16 06:20:13,2026-09-18 07:20:13,false
TRK-2139450355,Next Day,In Hub,2026-09-16 05:20:13,2026-09-17 13:20:13,false
TRK-2139450356,Same Day,In Transit,2026-09-15 21:20:13,2026-09-17 09:20:13,false
TRK-2139450357,Regular,In Transit,2026-09-16 05:20:13,2026-09-18 00:20:13,false
TRK-2139450358,Same Day,In Hub,2026-09-15 22:20:13,2026-09-18 07:20:13,false
TRK-2139450359,Next Day,In Transit,2026-09-16 05:20:13,2026-09-18 15:20:13,false
TRK-2139450360,Same Day,In Transit,2026-09-15 21:20:13,2026-09-18 00:20:13,false
TRK-2139450361,Same Day,In Hub,2026-09-16 05:20:13,2026-09-17 11:20:13,false
TRK-2139450362,Next Day,In Transit,2026-09-15 22:20:13,2026-09-18 10:20:13,false
TRK-2139450363,Regular,In Transit,2026-09-16 06:20:13,2026-09-18 18:20:13,false
TRK-2139450364,Regular,In Hub,2026-09-16 03:20:13,2026-09-17 21:20:13,false
TRK-2139450365,Regular,In Hub,2026-09-16 03:20:13,2026-09-17 11:20:13,false
TRK-2139450366,Regular,In Hub,2026-09-16 02:20:13,2026-09-17 17:20:13,false
TRK-2139450367,Same Day,In Hub,2026-09-16 06:20:13,2026-09-18 22:20:13,false
TRK-2139450368,Same Day,In Hub,2026-09-15 21:20:13,2026-09-18 17:20:13,false
TRK-2139450369,Regular,In Hub,2026-09-16 00:20:13,2026-09-18 04:20:13,false
TRK-2139450370,Next Day,In Hub,2026-09-16 05:20:13,2026-09-18 01:20:13,false
TRK-2139450371,Next Day,In Hub,2026-09-16 04:20:13,2026-09-17 09:20:13,false
TRK-2139450372,Next Day,In Hub,2026-09-15 21:20:13,2026-09-17 08:20:13,false
TRK-2139450373,Same Day,In Transit,2026-09-15 21:20:13,2026-09-18 07:20:13,false
TRK-2139450374,Next Day,In Transit,2026-09-16 06:20:13,2026-09-19 07:20:13,false
TRK-2139450375,Same Day,In Hub,2026-09-16 05:20:13,2026-09-17 09:20:13,false
TRK-2139450376,Same Day,In Transit,2026-09-16 06:20:13,2026-09-17 10:20:13,false
TRK-2139450377,Regular,In Transit,2026-09-15 23:20:13,2026-09-19 02:20:13,false
TRK-2139450378,Regular,In Transit,2026-09-15 21:20:13,2026-09-17 18:20:13,false
TRK-2139450379,Regular,In Hub,2026-09-16 02:20:13,2026-09-18 06:20:13,false
TRK-2139450380,Same Day,In Hub,2026-09-16 01:20:13,2026-09-18 21:20:13,false
TRK-2139450381,Regular,In Hub,2026-09-16 05:20:13,2026-09-17 21:20:13,false
TRK-2139450382,Next Day,In Transit,2026-09-15 22:20:13,2026-09-18 03:20:13,false
TRK-2139450383,Same Day,In Hub,2026-09-16 06:20:13,2026-09-18 21:20:13,false
TRK-2139450384,Next Day,In Hub,2026-09-16 05:20:13,2026-09-17 08:20:13,false
TRK-2139450385,Regular,In Hub,2026-09-16 00:20:13,2026-09-19 02:20:13,false
TRK-2139450386,Next Day,In Transit,2026-09-15 21:20:13,2026-09-17 14:20:13,false
TRK-2139450387,Regular,In Transit,2026-09-16 03:20:13,2026-09-18 13:20:13,false
TRK-2139450388,Regular,In Transit,2026-09-16 06:20:13,2026-09-18 05:20:13,false
TRK-2139450389,Regular,In Hub,2026-09-16 00:20:13,2026-09-17 10:20:13,false
TRK-2139450390,Regular,In Hub,2026-09-16 01:20:13,2026-09-18 15:20:13,false
TRK-2139450391,Same Day,In Hub,2026-09-16 05:20:13,2026-09-17 14:20:13,false
TRK-2139450392,Regular,In Transit,2026-09-15 21:20:13,2026-09-19 05:20:13,false
TRK-2139450393,Next Day,In Transit,2026-09-16 04:20:13,2026-09-19 07:20:13,false
TRK-2139450394,Regular,In Transit,2026-09-15 23:20:13,2026-09-17 16:20:13,false
TRK-2139450395,Regular,In Hub,2026-09-16 01:20:13,2026-09-17 08:20:13,false
TRK-2139450396,Same Day,In Transit,2026-09-16 06:20:13,2026-09-18 09:20:13,false
TRK-2139450397,Next Day,In Hub,2026-09-16 04:20:13,2026-09-17 23:20:13,false
TRK-2139450398,Regular,In Transit,2026-09-16 00:20:13,2026-09-17 15:20:13,false
TRK-2139450399,Regular,In Transit,2026-09-16 05:20:13,2026-09-18 19:20:13,false
TRK-2139450400,Regular,In Hub,2026-09-16 04:20:13,2026-09-19 00:20:13,false
TRK-2139450401,Next Day,In Hub,2026-09-16 00:20:13,2026-09-18 07:20:13,false
TRK-2139450402,Regular,In Transit,2026-09-16 01:20:13,2026-09-17 11:20:13,false
TRK-2139450403,Same Day,In Hub,2026-09-15 21:20:13,2026-09-18 07:20:13,false
TRK-2139450404,Same Day,In Transit,2026-09-16 01:20:13,2026-09-18 17:20:13,false
TRK-2139450405,Next Day,In Hub,2026-09-16 00:20:13,2026-09-18 01:20:13,false
TRK-2139450406,Same Day,In Hub,2026-09-16 02:20:13,2026-09-17 23:20:13,false
TRK-2139450407,Next Day,In Transit,2026-09-16 05:20:13,2026-09-18 14:20:13,false
TRK-2139450408,Next Day,In Transit,2026-09-16 00:20:13,2026-09-17 20:20:13,false
TRK-2139450409,Regular,In Hub,2026-09-16 00:20:13,2026-09-18 03:20:13,false
TRK-2139450410,Same Day,In Hub,2026-09-16 03:20:13,2026-09-18 11:20:13,false
TRK-2139460411,Next Day,In Transit,2026-09-16 04:20:13,2026-09-17 19:20:13,false
TRK-2139460412,Same Day,In Hub,2026-09-16 04:20:13,2026-09-18 19:20:13,false
TRK-2139460413,Next Day,In Transit,2026-09-15 21:20:13,2026-09-19 00:20:13,false
TRK-2139460414,Next Day,In Hub,2026-09-16 02:20:13,2026-09-17 23:20:13,false
TRK-2139460415,Regular,In Hub,2026-09-16 05:20:13,2026-09-18 06:20:13,false
TRK-2139460416,Next Day,In Hub,2026-09-16 04:20:13,2026-09-19 07:20:13,false
TRK-2139460417,Regular,In Transit,2026-09-15 23:20:13,2026-09-18 03:20:13,false
TRK-2139460418,Regular,In Hub,2026-09-16 06:20:13,2026-09-17 21:20:13,false
TRK-2139460419,Same Day,In Transit,2026-09-16 04:20:13,2026-09-17 09:20:13,false
TRK-2139460420,Regular,In Hub,2026-09-16 02:20:13,2026-09-17 23:20:13,false
TRK-2139460421,Next Day,In Transit,2026-09-16 02:20:13,2026-09-17 16:20:13,false
TRK-2139460422,Regular,In Hub,2026-09-16 06:20:13,2026-09-18 23:20:13,false
TRK-2139460423,Same Day,In Hub,2026-09-16 01:20:13,2026-09-18 17:20:13,false
TRK-2139460424,Next Day,In Hub,2026-09-15 22:20:13,2026-09-18 04:20:13,false
TRK-2139460425,Regular,In Transit,2026-09-15 22:20:13,2026-09-18 05:20:13,false
TRK-2139460426,Same Day,In Transit,2026-09-16 05:20:13,2026-09-17 12:20:13,false
TRK-2139460427,Same Day,In Hub,2026-09-16 01:20:13,2026-09-19 02:20:13,false
TRK-2139460428,Regular,In Transit,2026-09-16 05:20:13,2026-09-18 16:20:13,false
TRK-2139460429,Regular,In Hub,2026-09-16 00:20:13,2026-09-17 10:20:13,false
TRK-2139460430,Same Day,In Transit,2026-09-15 22:20:13,2026-09-17 15:20:13,false
TRK-2139460431,Same Day,In Transit,2026-09-16 01:20:13,2026-09-18 19:20:13,false
TRK-2139460432,Regular,In Transit,2026-09-16 04:20:13,2026-09-19 04:20:13,false
TRK-2139460433,Same Day,In Transit,2026-09-15 21:20:13,2026-09-18 12:20:13,false
TRK-2139460434,Next Day,In Hub,2026-09-16 05:20:13,2026-09-19 02:20:13,false
TRK-2139460435,Regular,In Transit,2026-09-15 21:20:13,2026-09-18 22:20:13,false
TRK-2139460436,Regular,In Transit,2026-09-16 01:20:13,2026-09-17 11:20:13,false
TRK-2139460437,Same Day,In Hub,2026-09-15 21:20:13,2026-09-18 06:20:13,false
TRK-2139460438,Regular,In Hub,2026-09-16 03:20:13,2026-09-18 16:20:13,false
TRK-2139460439,Same Day,In Hub,2026-09-16 04:20:13,2026-09-17 11:20:13,false
TRK-2139460440,Same Day,In Hub,2026-09-16 01:20:13,2026-09-17 13:20:13,false
TRK-2139460441,Same Day,In Hub,2026-09-16 06:20:13,2026-09-17 17:20:13,false
TRK-2139460442,Same Day,In Hub,2026-09-16 02:20:13,2026-09-17 23:20:13,false
TRK-2139460443,Same Day,In Transit,2026-09-15 21:20:13,2026-09-17 15:20:13,false
TRK-2139460444,Next Day,In Transit,2026-09-16 06:20:13,2026-09-18 03:20:13,false
TRK-2139460445,Regular,In Hub,2026-09-15 23:20:13,2026-09-18 06:20:13,false
TRK-2139460446,Next Day,In Transit,2026-09-16 04:20:13,2026-09-17 15:20:13,false
TRK-2139460447,Regular,In Hub,2026-09-16 00:20:13,2026-09-17 19:20:13,false
TRK-2139460448,Next Day,In Hub,2026-09-15 21:20:13,2026-09-17 20:20:13,false
TRK-2139460449,Same Day,In Transit,2026-09-16 01:20:13,2026-09-17 16:20:13,false
TRK-2139460450,Regular,In Transit,2026-09-16 01:20:13,2026-09-18 19:20:13,false
TRK-2139460451,Same Day,In Transit,2026-09-16 06:20:13,2026-09-19 04:20:13,false
TRK-2139460452,Regular,In Transit,2026-09-16 05:20:13,2026-09-18 09:20:13,false
TRK-2139460453,Regular,In Transit,2026-09-16 00:20:13,2026-09-19 05:20:13,false
TRK-2139460454,Regular,In Hub,2026-09-16 03:20:13,2026-09-17 15:20:13,false
TRK-2139460455,Regular,In Hub,2026-09-16 04:20:13,2026-09-18 22:20:13,false
TRK-2139460456,Same Day,In Hub,2026-09-15 23:20:13,2026-09-18 18:20:13,false
TRK-2139460457,Same Day,In Transit,2026-09-16 04:20:13,2026-09-18 09:20:13,false
TRK-2139460458,Same Day,In Hub,2026-09-16 03:20:13,2026-09-17 23:20:13,false
TRK-2139460459,Same Day,In Transit,2026-09-16 06:20:13,2026-09-19 04:20:13,false
TRK-2139460460,Next Day,In Hub,2026-09-16 05:20:13,2026-09-18 18:20:13,false
TRK-2139460461,Regular,In Transit,2026-09-15 21:20:13,2026-09-18 04:20:13,false
TRK-2139460462,Same Day,In Hub,2026-09-16 01:20:13,2026-09-17 11:20:13,false
TRK-2139470463,Regular,In Hub,2026-09-16 01:20:13,2026-09-17 14:20:13,false
TRK-2139470464,Same Day,In Transit,2026-09-15 23:20:13,2026-09-19 00:20:13,false
TRK-2139470465,Next Day,In Transit,2026-09-16 02:20:13,2026-09-18 03:20:13,false
TRK-2139470466,Next Day,In Hub,2026-09-16 02:20:13,2026-09-17 08:20:13,false
TRK-2139470467,Next Day,In Transit,2026-09-15 22:20:13,2026-09-19 07:20:13,false
TRK-2139470468,Regular,In Hub,2026-09-16 05:20:13,2026-09-17 10:20:13,false
TRK-2139470469,Next Day,In Hub,2026-09-16 03:20:13,2026-09-18 07:20:13,false
TRK-2139470470,Next Day,In Hub,2026-09-16 02:20:13,2026-09-17 12:20:13,false
TRK-2139470471,Regular,In Hub,2026-09-16 03:20:13,2026-09-18 21:20:13,false
TRK-2139470472,Next Day,In Transit,2026-09-16 04:20:13,2026-09-17 20:20:13,false
TRK-2139470473,Regular,In Hub,2026-09-16 03:20:13,2026-09-17 18:20:13,false
TRK-2139470474,Next Day,In Transit,2026-09-16 05:20:13,2026-09-17 22:20:13,false
TRK-2139470475,Same Day,In Hub,2026-09-16 03:20:13,2026-09-18 01:20:13,false
TRK-2139470476,Regular,In Hub,2026-09-16 01:20:13,2026-09-17 15:20:13,false
TRK-2139470477,Regular,In Transit,2026-09-15 22:20:13,2026-09-18 05:20:13,false
TRK-2139470478,Same Day,In Hub,2026-09-16 05:20:13,2026-09-18 00:20:13,false
TRK-2139470479,Regular,In Transit,2026-09-15 23:20:13,2026-09-18 17:20:13,false
TRK-2139470480,Same Day,In Transit,2026-09-15 23:20:13,2026-09-18 07:20:13,false
TRK-2139470481,Regular,In Transit,2026-09-15 22:20:13,2026-09-18 10:20:13,false
TRK-2139470482,Next Day,In Transit,2026-09-16 05:20:13,2026-09-18 04:20:13,false
TRK-2139470483,Regular,In Transit,2026-09-15 22:20:13,2026-09-17 23:20:13,false
TRK-2139470484,Same Day,In Transit,2026-09-16 05:20:13,2026-09-18 02:20:13,false
TRK-2139470485,Next Day,In Transit,2026-09-16 03:20:13,2026-09-17 12:20:13,false
TRK-2139470486,Regular,In Transit,2026-09-16 05:20:13,2026-09-18 05:20:13,false
TRK-2139470487,Next Day,In Transit,2026-09-16 02:20:13,2026-09-19 04:20:13,false
TRK-2139470488,Same Day,In Transit,2026-09-16 00:20:13,2026-09-18 01:20:13,false
TRK-2139470489,Same Day,In Hub,2026-09-16 06:20:13,2026-09-18 23:20:13,false
TRK-2139470490,Same Day,In Transit,2026-09-15 23:20:13,2026-09-17 15:20:13,false
TRK-2139470491,Next Day,In Hub,2026-09-16 06:20:13,2026-09-17 19:20:13,false
TRK-2139470492,Regular,In Hub,2026-09-16 01:20:13,2026-09-18 07:20:13,false
TRK-2139470493,Same Day,In Transit,2026-09-16 01:20:13,2026-09-18 19:20:13,false
TRK-2139470494,Regular,In Transit,2026-09-15 23:20:13,2026-09-18 04:20:13,false
TRK-2139470495,Next Day,In Transit,2026-09-16 03:20:13,2026-09-17 20:20:13,false
TRK-2139470496,Regular,In Transit,2026-09-16 05:20:13,2026-09-17 12:20:13,false
TRK-2139470497,Next Day,In Hub,2026-09-16 02:20:13,2026-09-18 22:20:13,false
TRK-2139470498,Regular,In Hub,2026-09-16 00:20:13,2026-09-17 15:20:13,false
TRK-2139470499,Regular,In Hub,2026-09-16 06:20:13,2026-09-18 01:20:13,false
TRK-2139470500,Same Day,In Hub,2026-09-15 21:20:13,2026-09-17 20:20:13,false
TRK-2139470501,Same Day,In Transit,2026-09-15 22:20:13,2026-09-17 13:20:13,false
TRK-2139470502,Next Day,In Transit,2026-09-16 04:20:13,2026-09-19 06:20:13,false
TRK-2139470503,Next Day,In Transit,2026-09-16 06:20:13,2026-09-17 07:20:13,false
TRK-2139470504,Next Day,In Hub,2026-09-15 22:20:13,2026-09-17 16:20:13,false
TRK-2139470505,Same Day,In Transit,2026-09-16 00:20:13,2026-09-17 22:20:13,false
TRK-2139470506,Same Day,In Transit,2026-09-16 03:20:13,2026-09-19 00:20:13,false
TRK-2139470507,Regular,In Hub,2026-09-16 05:20:13,2026-09-19 03:20:13,false
TRK-2139470508,Same Day,In Transit,2026-09-16 06:20:13,2026-09-18 23:20:13,false
TRK-2139470509,Same Day,In Transit,2026-09-16 06:20:13,2026-09-18 19:20:13,false
TRK-2139470510,Next Day,In Hub,2026-09-16 00:20:13,2026-09-19 01:20:13,false
TRK-2139470511,Next Day,In Hub,2026-09-16 04:20:13,2026-09-17 09:20:13,false
TRK-2139470512,Same Day,In Hub,2026-09-16 01:20:13,2026-09-19 01:20:13,false
TRK-2139470513,Same Day,In Hub,2026-09-16 06:20:13,2026-09-18 22:20:13,false
TRK-2139470514,Same Day,In Transit,2026-09-16 05:20:13,2026-09-17 23:20:13,false
TRK-2139470515,Next Day,In Hub,2026-09-16 05:20:13,2026-09-19 05:20:13,false
TRK-2139470516,Next Day,In Transit,2026-09-15 23:20:13,2026-09-17 17:20:13,false
TRK-2139470517,Regular,In Transit,2026-09-16 00:20:13,2026-09-17 16:20:13,false
TRK-2139470518,Next Day,In Transit,2026-09-16 05:20:13,2026-09-17 10:20:13,false
TRK-2139470519,Regular,In Hub,2026-09-16 06:20:13,2026-09-19 03:20:13,false
TRK-2139470520,Next Day,In Transit,2026-09-16 00:20:13,2026-09-18 05:20:13,false
TRK-2139470521,Same Day,In Transit,2026-09-16 06:20:13,2026-09-18 04:20:13,false
TRK-2139470522,Same Day,In Transit,2026-09-16 00:20:13,2026-09-19 02:20:13,false
TRK-2139470523,Same Day,In Transit,2026-09-16 06:20:13,2026-09-17 17:20:13,false
TRK-2139470524,Next Day,In Transit,2026-09-16 04:20:13,2026-09-19 01:20:13,false
TRK-2139470525,Regular,In Transit,2026-09-15 22:20:13,2026-09-17 17:20:13,false
TRK-2139470526,Same Day,In Transit,2026-09-16 06:20:13,2026-09-18 18:20:13,false
TRK-2139470527,Same Day,In Transit,2026-09-16 06:20:13,2026-09-17 11:20:13,false
TRK-2139470528,Next Day,In Hub,2026-09-16 06:20:13,2026-09-17 20:20:13,false
TRK-2139470529,Same Day,In Hub,2026-09-16 02:20:13,2026-09-18 06:20:13,false
TRK-2139470530,Next Day,In Transit,2026-09-16 01:20:13,2026-09-17 19:20:13,false
TRK-2139470531,Same Day,In Transit,2026-09-15 23:20:13,2026-09-17 12:20:13,false
TRK-2139470532,Same Day,In Transit,2026-09-15 22:20:13,2026-09-18 10:20:13,false
TRK-2139470533,Same Day,In Hub,2026-09-16 00:20:13,2026-09-18 05:20:13,false
TRK-2139470534,Next Day,In Hub,2026-09-16 01:20:13,2026-09-18 01:20:13,false
TRK-2139470535,Regular,In Hub,2026-09-15 22:20:13,2026-09-17 07:20:13,false
TRK-2139470536,Regular,In Hub,2026-09-16 06:20:13,2026-09-17 22:20:13,false
TRK-2139470537,Same Day,In Transit,2026-09-16 05:20:13,2026-09-19 03:20:13,false
TRK-2139470538,Same Day,In Transit,2026-09-15 23:20:13,2026-09-18 07:20:13,false
TRK-2139470539,Next Day,In Hub,2026-09-16 03:20:13,2026-09-18 17:20:13,false
TRK-2139470540,Next Day,In Transit,2026-09-15 22:20:13,2026-09-18 21:20:13,false
TRK-2139470541,Next Day,In Hub,2026-09-16 03:20:13,2026-09-17 18:20:13,false
TRK-2139470542,Regular,In Transit,2026-09-16 01:20:13,2026-09-18 16:20:13,false
TRK-2139470543,Same Day,In Hub,2026-09-16 06:20:13,2026-09-18 04:20:13,false
TRK-2139470544,Regular,In Transit,2026-09-16 01:20:13,2026-09-17 22:20:13,false
TRK-2139470545,Next Day,In Hub,2026-09-16 02:20:13,2026-09-17 23:20:13,false
TRK-2139470546,Regular,In Transit,2026-09-15 21:20:13,2026-09-18 10:20:13,false
TRK-2139470547,Next Day,In Hub,2026-09-16 01:20:13,2026-09-17 21:20:13,false
TRK-2139470548,Same Day,In Transit,2026-09-16 06:20:13,2026-09-17 07:20:13,false
TRK-2139470549,Regular,In Transit,2026-09-16 01:20:13,2026-09-18 13:20:13,false
TRK-2139470550,Same Day,In Transit,2026-09-16 01:20:13,2026-09-18 20:20:13,false
TRK-2139470551,Regular,In Transit,2026-09-16 06:20:13,2026-09-18 11:20:13,false
TRK-2139470552,Next Day,In Hub,2026-09-16 04:20:13,2026-09-17 17:20:13,false
TRK-2139470553,Next Day,In Transit,2026-09-16 06:20:13,2026-09-18 23:20:13,false
TRK-2139470554,Same Day,In Transit,2026-09-16 05:20:13,2026-09-19 03:20:13,false
TRK-2139470555,Regular,In Hub,2026-09-16 01:20:13,2026-09-17 11:20:13,false
TRK-2139470556,Same Day,In Transit,2026-09-16 03:20:13,2026-09-17 13:20:13,false
TRK-2139470557,Regular,In Transit,2026-09-16 06:20:13,2026-09-17 18:20:13,false
TRK-2139470558,Next Day,In Hub,2026-09-16 05:20:13,2026-09-18 02:20:13,false
TRK-2139470559,Next Day,In Hub,2026-09-16 06:20:13,2026-09-18 02:20:13,false
TRK-2139470560,Same Day,In Transit,2026-09-16 05:20:13,2026-09-19 00:20:13,false
TRK-2139470561,Next Day,In Hub,2026-09-16 06:20:13,2026-09-17 21:20:13,false
TRK-2139470562,Same Day,In Hub,2026-09-16 02:20:13,2026-09-18 03:20:13,false
TRK-2139470563,Next Day,In Hub,2026-09-16 01:20:13,2026-09-18 22:20:13,false
TRK-2139470564,Same Day,In Transit,2026-09-15 22:20:13,2026-09-17 08:20:13,false
TRK-2139470565,Regular,In Transit,2026-09-16 04:20:13,2026-09-17 20:20:13,false
TRK-2139470566,Next Day,In Transit,2026-09-16 02:20:13,2026-09-17 16:20:13,false
TRK-2139470567,Same Day,In Transit,2026-09-16 03:20:13,2026-09-19 04:20:13,false
TRK-2139470568,Regular,In Hub,2026-09-16 05:20:13,2026-09-19 07:20:13,false
TRK-2139470569,Regular,In Hub,2026-09-15 22:20:13,2026-09-19 03:20:13,false
TRK-2139470570,Regular,In Hub,2026-09-15 22:20:13,2026-09-19 04:20:13,false
TRK-2139470571,Next Day,In Hub,2026-09-16 00:20:13,2026-09-19 02:20:13,false
TRK-2139470572,Regular,In Hub,2026-09-16 04:20:13,2026-09-17 12:20:13,false
TRK-2139470573,Next Day,In Transit,2026-09-16 02:20:13,2026-09-18 03:20:13,false
TRK-2139470574,Next Day,In Hub,2026-09-16 00:20:13,2026-09-19 00:20:13,false
TRK-2139470575,Next Day,In Hub,2026-09-15 23:20:13,2026-09-17 21:20:13,false
TRK-2139470576,Next Day,In Transit,2026-09-16 00:20:13,2026-09-18 14:20:13,false
TRK-2139470577,Next Day,In Hub,2026-09-15 23:20:13,2026-09-17 11:20:13,false
TRK-2139470578,Regular,In Transit,2026-09-16 03:20:13,2026-09-18 05:20:13,false
TRK-2139470579,Next Day,In Hub,2026-09-16 02:20:13,2026-09-17 20:20:13,false
TRK-2139470580,Regular,In Transit,2026-09-15 23:20:13,2026-09-18 01:20:13,false
TRK-2139470581,Regular,In Hub,2026-09-15 21:20:13,2026-09-17 07:20:13,false
TRK-2139470582,Next Day,In Transit,2026-09-15 21:20:13,2026-09-18 06:20:13,false
TRK-2139470583,Regular,In Hub,2026-09-16 03:20:13,2026-09-17 12:20:13,false
TRK-2139470584,Regular,In Transit,2026-09-16 01:20:13,2026-09-17 18:20:13,false
TRK-2139470585,Same Day,In Hub,2026-09-16 04:20:13,2026-09-17 17:20:13,false
TRK-2139470586,Regular,In Hub,2026-09-16 02:20:13,2026-09-18 18:20:13,false
TRK-2139470587,Next Day,In Hub,2026-09-16 05:20:13,2026-09-17 15:20:13,false
TRK-2139470588,Next Day,In Transit,2026-09-16 01:20:13,2026-09-17 14:20:13,false
TRK-2139470589,Next Day,In Hub,2026-09-16 01:20:13,2026-09-17 16:20:13,false
TRK-2139470590,Regular,In Transit,2026-09-16 03:20:13,2026-09-18 04:20:13,false
TRK-2139470591,Next Day,In Transit,2026-09-16 00:20:13,2026-09-18 14:20:13,false
TRK-2139470592,Regular,In Hub,2026-09-15 21:20:13,2026-09-18 18:20:13,false
TRK-2139470593,Same Day,In Hub,2026-09-16 02:20:13,2026-09-18 05:20:13,false
TRK-2139470594,Same Day,In Hub,2026-09-16 04:20:13,2026-09-19 05:20:13,false
TRK-2139470595,Next Day,In Hub,2026-09-15 21:20:13,2026-09-18 22:20:13,false
TRK-2139470596,Next Day,In Transit,2026-09-16 04:20:13,2026-09-18 08:20:13,false
TRK-2139470597,Regular,In Transit,2026-09-15 21:20:13,2026-09-17 18:20:13,false
TRK-2139470598,Same Day,In Transit,2026-09-15 21:20:13,2026-09-18 00:20:13,false
TRK-2139470599,Same Day,In Transit,2026-09-16 03:20:13,2026-09-17 10:20:13,false
TRK-2139470600,Regular,In Transit,2026-09-16 05:20:13,2026-09-18 11:20:13,false
TRK-2139470601,Regular,In Hub,2026-09-16 06:20:13,2026-09-17 17:20:13,false
TRK-2139470602,Regular,In Transit,2026-09-16 04:20:13,2026-09-18 19:20:13,false
TRK-2139470603,Regular,In Transit,2026-09-16 06:20:13,2026-09-19 00:20:13,false
TRK-2139470604,Same Day,In Hub,2026-09-16 03:20:13,2026-09-18 05:20:13,false
TRK-2139470605,Same Day,In Transit,2026-09-15 23:20:13,2026-09-18 23:20:13,false
TRK-2139470606,Regular,In Transit,2026-09-16 00:20:13,2026-09-19 07:20:13,false
TRK-2139470607,Regular,In Transit,2026-09-16 04:20:13,2026-09-18 14:20:13,false
TRK-2139470608,Next Day,In Hub,2026-09-16 04:20:13,2026-09-17 10:20:13,false
TRK-2139470609,Same Day,In Transit,2026-09-15 22:20:13,2026-09-18 06:20:13,false
TRK-2139470610,Next Day,In Hub,2026-09-16 03:20:13,2026-09-17 19:20:13,false
TRK-2139470611,Same Day,In Transit,2026-09-16 05:20:13,2026-09-18 11:20:13,false
TRK-2139470612,Next Day,In Transit,2026-09-15 21:20:13,2026-09-19 07:20:13,false
TRK-2139470613,Same Day,In Hub,2026-09-16 02:20:13,2026-09-17 11:20:13,false
TRK-2139470614,Same Day,In Transit,2026-09-15 23:20:13,2026-09-19 03:20:13,false
TRK-2139470615,Regular,In Transit,2026-09-15 23:20:13,2026-09-19 02:20:13,false
TRK-2139470616,Regular,In Hub,2026-09-15 22:20:13,2026-09-17 19:20:13,false
TRK-2139470617,Same Day,In Transit,2026-09-16 05:20:13,2026-09-18 20:20:13,false
TRK-2139470618,Same Day,In Transit,2026-09-16 06:20:13,2026-09-18 18:20:13,false
TRK-2139470619,Regular,In Hub,2026-09-16 02:20:13,2026-09-18 00:20:13,false
TRK-2139470620,Same Day,In Transit,2026-09-15 22:20:13,2026-09-19 01:20:13,false
TRK-2139470621,Same Day,In Transit,2026-09-15 21:20:13,2026-09-18 20:20:13,false
TRK-2139470622,Same Day,In Transit,2026-09-16 03:20:13,2026-09-18 20:20:13,false
TRK-2139470623,Regular,In Hub,2026-09-16 06:20:13,2026-09-18 03:20:13,false
TRK-2139470624,Regular,In Transit,2026-09-15 23:20:13,2026-09-18 14:20:13,false
TRK-2139470625,Next Day,In Hub,2026-09-15 23:20:13,2026-09-18 18:20:13,false
TRK-2139470626,Regular,In Hub,2026-09-15 23:20:13,2026-09-18 03:20:13,false
TRK-2139470627,Same Day,In Hub,2026-09-16 04:20:13,2026-09-18 13:20:13,false
TRK-2139470628,Same Day,In Transit,2026-09-16 03:20:13,2026-09-18 06:20:13,false
TRK-2139470629,Regular,In Transit,2026-09-16 02:20:13,2026-09-17 21:20:13,false
TRK-2139470630,Same Day,In Transit,2026-09-15 22:20:13,2026-09-18 18:20:13,false
TRK-2139470631,Next Day,In Transit,2026-09-16 05:20:13,2026-09-19 04:20:13,false
TRK-2139470632,Same Day,In Transit,2026-09-16 05:20:13,2026-09-19 04:20:13,false
TRK-2139470633,Regular,In Transit,2026-09-16 01:20:13,2026-09-17 12:20:13,false
TRK-2139470634,Same Day,In Hub,2026-09-16 02:20:13,2026-09-17 10:20:13,false
TRK-2139470635,Regular,In Hub,2026-09-16 01:20:13,2026-09-18 15:20:13,false
TRK-2139470636,Next Day,In Transit,2026-09-16 05:20:13,2026-09-18 15:20:13,false
TRK-2139470637,Next Day,In Transit,2026-09-16 05:20:13,2026-09-17 09:20:13,false
TRK-2139470638,Regular,In Hub,2026-09-16 05:20:13,2026-09-19 06:20:13,false
TRK-2139470639,Same Day,In Transit,2026-09-16 06:20:13,2026-09-17 07:20:13,false
TRK-2139470640,Same Day,In Hub,2026-09-15 22:20:13,2026-09-17 11:20:13,false
TRK-2139470641,Same Day,In Transit,2026-09-15 21:20:13,2026-09-18 00:20:13,false
TRK-2139470642,Same Day,In Hub,2026-09-16 00:20:13,2026-09-17 16:20:13,false
TRK-2139470643,Same Day,In Transit,2026-09-16 06:20:13,2026-09-18 06:20:13,false
TRK-2139470644,Next Day,In Transit,2026-09-15 23:20:13,2026-09-18 15:20:13,false
TRK-2139470645,Next Day,In Hub,2026-09-16 01:20:13,2026-09-19 06:20:13,false
TRK-2139470646,Next Day,In Hub,2026-09-16 05:20:13,2026-09-18 23:20:13,false
TRK-2139470647,Next Day,In Hub,2026-09-16 02:20:13,2026-09-18 22:20:13,false
TRK-2139470648,Next Day,In Transit,2026-09-16 04:20:13,2026-09-19 02:20:13,false
TRK-2139470649,Same Day,In Hub,2026-09-16 03:20:13,2026-09-18 04:20:13,false
TRK-2139470650,Regular,In Hub,2026-09-16 05:20:13,2026-09-18 11:20:13,false
TRK-2139470651,Next Day,In Hub,2026-09-15 23:20:13,2026-09-18 23:20:13,false
TRK-2139470652,Same Day,In Transit,2026-09-15 22:20:13,2026-09-18 17:20:13,false
TRK-2139470653,Next Day,In Hub,2026-09-15 22:20:13,2026-09-18 20:20:13,false
TRK-2139470654,Same Day,In Hub,2026-09-16 01:20:13,2026-09-17 15:20:13,false
TRK-2139470655,Same Day,In Transit,2026-09-16 03:20:13,2026-09-19 06:20:13,false
TRK-2139470656,Regular,In Transit,2026-09-15 22:20:13,2026-09-17 19:20:13,false
TRK-2139470657,Regular,In Transit,2026-09-15 21:20:13,2026-09-18 11:20:13,false
TRK-2139470658,Same Day,In Transit,2026-09-15 22:20:13,2026-09-18 13:20:13,false
TRK-2139470659,Same Day,In Transit,2026-09-16 00:20:13,2026-09-19 03:20:13,false
TRK-2139470660,Regular,In Transit,2026-09-16 00:20:13,2026-09-18 07:20:13,false
TRK-2139470661,Regular,In Transit,2026-09-15 22:20:13,2026-09-17 12:20:13,false
TRK-2139470662,Same Day,In Hub,2026-09-15 23:20:13,2026-09-18 04:20:13,false
TRK-2139470663,Same Day,In Hub,2026-09-16 04:20:13,2026-09-18 06:20:13,false
TRK-2139470664,Same Day,In Hub,2026-09-15 21:20:13,2026-09-17 21:20:13,false
TRK-2139470665,Regular,In Hub,2026-09-16 05:20:13,2026-09-17 08:20:13,false
TRK-2139470666,Regular,In Transit,2026-09-16 03:20:13,2026-09-18 16:20:13,false
TRK-2139470667,Same Day,In Hub,2026-09-15 23:20:13,2026-09-17 20:20:13,false
TRK-2139470668,Same Day,In Transit,2026-09-16 00:20:13,2026-09-18 22:20:13,false
TRK-2139470669,Regular,In Transit,2026-09-16 05:20:13,2026-09-18 01:20:13,false
TRK-2139470670,Same Day,In Hub,2026-09-16 06:20:13,2026-09-17 22:20:13,false
TRK-2139470671,Next Day,In Hub,2026-09-16 02:20:13,2026-09-18 19:20:13,false
TRK-2139470672,Next Day,In Transit,2026-09-16 04:20:13,2026-09-18 01:20:13,false
TRK-2139470673,Regular,In Transit,2026-09-16 06:20:13,2026-09-17 17:20:13,false
TRK-2139470674,Same Day,In Hub,2026-09-16 02:20:13,2026-09-17 12:20:13,false
TRK-2139470675,Same Day,In Hub,2026-09-16 06:20:13,2026-09-17 11:20:13,false
TRK-2139470676,Regular,In Transit,2026-09-16 03:20:13,2026-09-18 21:20:13,false
TRK-2139470677,Next Day,In Hub,2026-09-16 01:20:13,2026-09-18 19:20:13,false
TRK-2139470678,Regular,In Hub,2026-09-16 03:20:13,2026-09-18 05:20:13,false
TRK-2139470679,Regular,In Transit,2026-09-16 00:20:13,2026-09-17 12:20:13,false
TRK-2139470680,Next Day,In Transit,2026-09-16 03:20:13,2026-09-18 17:20:13,false
TRK-2139480681,Regular,In Hub,2026-09-16 00:20:13,2026-09-19 07:20:13,false
TRK-2139480682,Next Day,In Transit,2026-09-16 05:20:13,2026-09-17 19:20:13,false
TRK-2139480683,Same Day,In Hub,2026-09-16 06:20:13,2026-09-18 01:20:13,false
TRK-2139480684,Regular,In Hub,2026-09-16 03:20:13,2026-09-18 02:20:13,false
TRK-2139480685,Same Day,In Transit,2026-09-16 06:20:13,2026-09-18 19:20:13,false
TRK-2139480686,Regular,In Transit,2026-09-15 22:20:13,2026-09-19 06:20:13,false
TRK-2139480687,Next Day,In Transit,2026-09-16 06:20:13,2026-09-19 01:20:13,false
TRK-2139480688,Next Day,In Hub,2026-09-16 01:20:13,2026-09-18 04:20:13,false
TRK-2139480689,Same Day,In Transit,2026-09-16 01:20:13,2026-09-18 18:20:13,false
TRK-2139480690,Next Day,In Transit,2026-09-16 06:20:13,2026-09-17 09:20:13,false
TRK-2139480691,Regular,In Transit,2026-09-15 22:20:13,2026-09-18 13:20:13,false
TRK-2139480692,Same Day,In Transit,2026-09-16 03:20:13,2026-09-18 11:20:13,false
TRK-2139480693,Same Day,In Hub,2026-09-15 22:20:13,2026-09-18 22:20:13,false
TRK-2139480694,Next Day,In Hub,2026-09-16 00:20:13,2026-09-18 15:20:13,false
TRK-2139480695,Regular,In Transit,2026-09-16 06:20:13,2026-09-18 21:20:13,false
TRK-2139480696,Same Day,In Transit,2026-09-16 05:20:13,2026-09-18 03:20:13,false
TRK-2139480697,Regular,In Hub,2026-09-16 01:20:13,2026-09-19 00:20:13,false
TRK-2139480698,Regular,In Hub,2026-09-16 06:20:13,2026-09-18 17:20:13,false
TRK-2139480699,Next Day,In Transit,2026-09-15 23:20:13,2026-09-18 13:20:13,false
TRK-2139480700,Next Day,In Hub,2026-09-16 01:20:13,2026-09-19 02:20:13,false
TRK-2139480701,Regular,In Transit,2026-09-16 06:20:13,2026-09-19 02:20:13,false
TRK-2139480702,Same Day,In Transit,2026-09-16 01:20:13,2026-09-18 04:20:13,false
TRK-2139480703,Same Day,In Hub,2026-09-15 22:20:13,2026-09-18 08:20:13,false
TRK-2139480704,Next Day,In Hub,2026-09-16 04:20:13,2026-09-18 15:20:13,false
TRK-2139480705,Next Day,In Hub,2026-09-16 05:20:13,2026-09-18 22:20:13,false
TRK-2139480706,Same Day,In Transit,2026-09-15 22:20:13,2026-09-17 15:20:13,false
TRK-2139480707,Same Day,In Hub,2026-09-16 01:20:13,2026-09-18 05:20:13,false
TRK-2139480708,Regular,In Hub,2026-09-16 06:20:13,2026-09-18 11:20:13,false
TRK-2139480709,Next Day,In Hub,2026-09-15 22:20:13,2026-09-18 15:20:13,false
TRK-2139480710,Regular,In Hub,2026-09-16 00:20:13,2026-09-18 03:20:13,false
TRK-2139480711,Same Day,In Transit,2026-09-16 04:20:13,2026-09-19 06:20:13,false
TRK-2139480712,Next Day,In Transit,2026-09-16 00:20:13,2026-09-18 15:20:13,false
TRK-2139480713,Same Day,In Hub,2026-09-16 04:20:13,2026-09-18 00:20:13,false
TRK-2139480714,Regular,In Transit,2026-09-16 05:20:13,2026-09-19 06:20:13,false
TRK-2139480715,Regular,In Transit,2026-09-16 01:20:13,2026-09-17 16:20:13,false
TRK-2139480716,Next Day,In Hub,2026-09-16 01:20:13,2026-09-19 00:20:13,false
TRK-2139480717,Regular,In Transit,2026-09-15 22:20:13,2026-09-18 08:20:13,false
TRK-2139480718,Regular,In Hub,2026-09-16 06:20:13,2026-09-17 07:20:13,false
TRK-2139480719,Next Day,In Transit,2026-09-15 23:20:13,2026-09-18 09:20:13,false
TRK-2139480720,Next Day,In Transit,2026-09-16 02:20:13,2026-09-17 14:20:13,false
TRK-2139480721,Same Day,In Hub,2026-09-16 00:20:13,2026-09-17 19:20:13,false
TRK-2139480722,Same Day,In Transit,2026-09-16 00:20:13,2026-09-18 03:20:13,false
TRK-2139480723,Next Day,In Hub,2026-09-16 00:20:13,2026-09-19 04:20:13,false
TRK-2139480724,Regular,In Transit,2026-09-16 00:20:13,2026-09-18 06:20:13,false
TRK-2139480725,Next Day,In Transit,2026-09-16 03:20:13,2026-09-18 11:20:13,false
TRK-2139480726,Same Day,In Transit,2026-09-15 23:20:13,2026-09-18 05:20:13,false
TRK-2139480727,Regular,In Hub,2026-09-16 01:20:13,2026-09-18 03:20:13,false
TRK-2139480728,Same Day,In Hub,2026-09-15 23:20:13,2026-09-17 14:20:13,false
TRK-2139480729,Same Day,In Hub,2026-09-16 06:20:13,2026-09-18 02:20:13,false
TRK-2139480730,Same Day,In Hub,2026-09-16 00:20:13,2026-09-18 21:20:13,false
TRK-2139480731,Next Day,In Transit,2026-09-16 01:20:13,2026-09-17 13:20:13,false
TRK-2139480732,Same Day,In Hub,2026-09-16 01:20:13,2026-09-19 06:20:13,false
TRK-2139480733,Same Day,In Hub,2026-09-15 23:20:13,2026-09-18 02:20:13,false
TRK-2139480734,Regular,In Hub,2026-09-15 21:20:13,2026-09-17 18:20:13,false
TRK-2139480735,Regular,In Hub,2026-09-16 04:20:13,2026-09-18 02:20:13,false
TRK-2139480736,Next Day,In Transit,2026-09-16 01:20:13,2026-09-17 09:20:13,false
TRK-2139480737,Same Day,In Hub,2026-09-15 23:20:13,2026-09-18 00:20:13,false
TRK-2139480738,Next Day,In Transit,2026-09-15 21:20:13,2026-09-19 03:20:13,false
TRK-2139480739,Same Day,In Hub,2026-09-15 22:20:13,2026-09-19 01:20:13,false
TRK-2139480740,Next Day,In Hub,2026-09-16 03:20:13,2026-09-17 08:20:13,false
TRK-2139480741,Same Day,In Hub,2026-09-16 04:20:13,2026-09-17 16:20:13,false
TRK-2139480742,Same Day,In Hub,2026-09-16 01:20:13,2026-09-18 06:20:13,false
TRK-2139480743,Same Day,In Hub,2026-09-16 02:20:13,2026-09-17 22:20:13,false
TRK-2139480744,Regular,In Transit,2026-09-16 06:20:13,2026-09-17 18:20:13,false
TRK-2139480745,Regular,In Hub,2026-09-16 01:20:13,2026-09-19 05:20:13,false
TRK-2139480746,Next Day,In Hub,2026-09-16 04:20:13,2026-09-18 03:20:13,false
TRK-2139480747,Regular,In Hub,2026-09-16 00:20:13,2026-09-18 14:20:13,false
TRK-2139480748,Next Day,In Transit,2026-09-16 05:20:13,2026-09-19 07:20:13,false
TRK-2139480749,Same Day,In Transit,2026-09-15 22:20:13,2026-09-17 12:20:13,false
TRK-2139480750,Same Day,In Transit,2026-09-16 03:20:13,2026-09-18 18:20:13,false
TRK-2139480751,Regular,In Hub,2026-09-16 02:20:13,2026-09-18 04:20:13,false
TRK-2139480752,Regular,In Transit,2026-09-16 04:20:13,2026-09-18 07:20:13,false
TRK-2139480753,Regular,In Transit,2026-09-16 05:20:13,2026-09-17 12:20:13,false
TRK-2139480754,Same Day,In Hub,2026-09-16 01:20:13,2026-09-17 19:20:13,false
TRK-2139490755,Next Day,In Transit,2026-09-16 03:20:13,2026-09-18 04:20:13,false
TRK-2139490756,Regular,In Transit,2026-09-16 04:20:13,2026-09-17 09:20:13,false
TRK-2139490757,Regular,In Transit,2026-09-16 01:20:13,2026-09-18 02:20:13,false
TRK-2139490758,Next Day,In Hub,2026-09-15 23:20:13,2026-09-18 14:20:13,false
TRK-2139490759,Same Day,In Transit,2026-09-16 06:20:13,2026-09-18 21:20:13,false
TRK-2139490760,Same Day,In Transit,2026-09-16 03:20:13,2026-09-19 02:20:13,false
TRK-2139490761,Same Day,In Hub,2026-09-16 05:20:13,2026-09-19 06:20:13,false
TRK-2139490762,Regular,In Transit,2026-09-16 06:20:13,2026-09-18 03:20:13,false
TRK-2139490763,Regular,In Transit,2026-09-16 04:20:13,2026-09-18 20:20:13,false
TRK-2139490764,Next Day,In Hub,2026-09-15 22:20:13,2026-09-17 09:20:13,false
TRK-2139490765,Same Day,In Hub,2026-09-15 23:20:13,2026-09-19 02:20:13,false
TRK-2139490766,Same Day,In Hub,2026-09-16 03:20:13,2026-09-17 19:20:13,false
TRK-2139490767,Regular,In Transit,2026-09-16 01:20:13,2026-09-17 17:20:13,false
TRK-2139490768,Same Day,In Hub,2026-09-16 02:20:13,2026-09-18 14:20:13,false
TRK-2139490769,Same Day,In Transit,2026-09-16 06:20:13,2026-09-18 15:20:13,false
TRK-2139490770,Same Day,In Hub,2026-09-15 22:20:13,2026-09-18 13:20:13,false
TRK-2139490771,Regular,In Transit,2026-09-16 06:20:13,2026-09-18 01:20:13,false
TRK-2139490772,Regular,In Hub,2026-09-16 05:20:13,2026-09-18 16:20:13,false
TRK-2139490773,Same Day,In Transit,2026-09-16 03:20:13,2026-09-18 06:20:13,false
TRK-2139490774,Regular,In Hub,2026-09-15 22:20:13,2026-09-18 20:20:13,false
TRK-2139490775,Same Day,In Hub,2026-09-15 23:20:13,2026-09-18 21:20:13,false
TRK-2139490776,Same Day,In Transit,2026-09-16 00:20:13,2026-09-19 03:20:13,false
TRK-2139490777,Regular,In Transit,2026-09-16 02:20:13,2026-09-17 15:20:13,false
TRK-2139490778,Regular,In Hub,2026-09-16 02:20:13,2026-09-18 19:20:13,false
TRK-2139490779,Next Day,In Transit,2026-09-15 23:20:13,2026-09-18 10:20:13,false
TRK-2139490780,Same Day,In Hub,2026-09-16 01:20:13,2026-09-17 23:20:13,false
TRK-2139490781,Same Day,In Transit,2026-09-16 01:20:13,2026-09-17 09:20:13,false
TRK-2139490782,Same Day,In Transit,2026-09-16 03:20:13,2026-09-19 07:20:13,false
TRK-2139490783,Regular,In Transit,2026-09-15 21:20:13,2026-09-18 20:20:13,false
TRK-2139490784,Next Day,In Transit,2026-09-16 05:20:13,2026-09-18 12:20:13,false
TRK-2139490785,Same Day,In Transit,2026-09-16 01:20:13,2026-09-18 06:20:13,false
TRK-2139490786,Regular,In Transit,2026-09-15 21:20:13,2026-09-18 06:20:13,false
TRK-2139490787,Same Day,In Hub,2026-09-16 02:20:13,2026-09-18 06:20:13,false
TRK-2139490788,Next Day,In Hub,2026-09-16 05:20:13,2026-09-18 13:20:13,false
TRK-2139490789,Regular,In Hub,2026-09-16 02:20:13,2026-09-17 11:20:13,false
TRK-2139490790,Same Day,In Hub,2026-09-16 06:20:13,2026-09-18 11:20:13,false
TRK-2139490791,Same Day,In Transit,2026-09-15 22:20:13,2026-09-17 20:20:13,false
TRK-2139490792,Regular,In Hub,2026-09-16 04:20:13,2026-09-18 01:20:13,false
TRK-2139490793,Same Day,In Hub,2026-09-15 21:20:13,2026-09-17 11:20:13,false
TRK-2139490794,Next Day,In Hub,2026-09-16 03:20:13,2026-09-17 21:20:13,false
TRK-2139490795,Regular,In Hub,2026-09-16 06:20:13,2026-09-17 14:20:13,false
TRK-2139490796,Regular,In Transit,2026-09-15 22:20:13,2026-09-17 15:20:13,false
TRK-2139490797,Next Day,In Hub,2026-09-15 23:20:13,2026-09-18 14:20:13,false
TRK-2139490798,Same Day,In Hub,2026-09-16 03:20:13,2026-09-19 00:20:13,false
TRK-2139490799,Next Day,In Hub,2026-09-16 03:20:13,2026-09-18 17:20:13,false
TRK-2139490800,Regular,In Transit,2026-09-16 01:20:13,2026-09-18 14:20:13,false
TRK-2139490801,Same Day,In Transit,2026-09-16 03:20:13,2026-09-18 11:20:13,false
TRK-2139490802,Same Day,In Transit,2026-09-15 23:20:13,2026-09-18 00:20:13,false
TRK-2139490803,Regular,In Transit,2026-09-16 00:20:13,2026-09-18 17:20:13,false
TRK-2139490804,Same Day,In Hub,2026-09-16 01:20:13,2026-09-17 16:20:13,false
TRK-2139490805,Next Day,In Transit,2026-09-16 06:20:13,2026-09-18 18:20:13,false
TRK-2139490806,Same Day,In Transit,2026-09-16 00:20:13,2026-09-18 18:20:13,false
TRK-2139490807,Next Day,In Transit,2026-09-15 21:20:13,2026-09-18 01:20:13,false
TRK-2139490808,Same Day,In Hub,2026-09-16 04:20:13,2026-09-18 20:20:13,false
TRK-2139490809,Regular,In Transit,2026-09-15 23:20:13,2026-09-17 23:20:13,false
TRK-2139490810,Next Day,In Transit,2026-09-16 00:20:13,2026-09-19 02:20:13,false
TRK-2139490811,Next Day,In Transit,2026-09-15 21:20:13,2026-09-18 21:20:13,false
TRK-2139490812,Regular,In Transit,2026-09-15 22:20:13,2026-09-19 05:20:13,false
TRK-2139490813,Regular,In Hub,2026-09-16 06:20:13,2026-09-18 14:20:13,false
TRK-2139490814,Regular,In Hub,2026-09-16 05:20:13,2026-09-18 20:20:13,false
TRK-2139490815,Regular,In Transit,2026-09-15 21:20:13,2026-09-18 15:20:13,false
TRK-2139490816,Same Day,In Transit,2026-09-15 22:20:13,2026-09-17 13:20:13,false
TRK-2139490817,Regular,In Hub,2026-09-16 04:20:13,2026-09-19 06:20:13,false
TRK-2139490818,Same Day,In Transit,2026-09-16 06:20:13,2026-09-18 13:20:13,false
TRK-2139490819,Same Day,In Hub,2026-09-16 04:20:13,2026-09-18 21:20:13,false
TRK-2139490820,Regular,In Hub,2026-09-16 03:20:13,2026-09-17 17:20:13,false
TRK-2139490821,Same Day,In Hub,2026-09-16 01:20:13,2026-09-17 11:20:13,false
TRK-2139490822,Same Day,In Hub,2026-09-16 01:20:13,2026-09-18 06:20:13,false
TRK-2139490823,Next Day,In Transit,2026-09-16 05:20:13,2026-09-18 16:20:13,false
TRK-2139490824,Same Day,In Transit,2026-09-16 01:20:13,2026-09-17 07:20:13,false
TRK-2139490825,Next Day,In Transit,2026-09-16 04:20:13,2026-09-17 12:20:13,false
TRK-2139490826,Next Day,In Hub,2026-09-16 02:20:13,2026-09-19 02:20:13,false
TRK-2139490827,Next Day,In Transit,2026-09-16 05:20:13,2026-09-19 02:20:13,false
TRK-2139490828,Next Day,In Transit,2026-09-15 23:20:13,2026-09-17 21:20:13,false
TRK-2139490829,Next Day,In Transit,2026-09-16 01:20:13,2026-09-17 08:20:13,false
TRK-2139490830,Same Day,In Transit,2026-09-15 22:20:13,2026-09-18 23:20:13,false
TRK-2139490831,Next Day,In Hub,2026-09-15 21:20:13,2026-09-19 07:20:13,false
TRK-2139490832,Next Day,In Hub,2026-09-16 04:20:13,2026-09-18 22:20:13,false
TRK-2139490833,Same Day,In Hub,2026-09-16 06:20:13,2026-09-17 19:20:13,false
TRK-2139490834,Same Day,In Hub,2026-09-16 03:20:13,2026-09-19 05:20:13,false
TRK-2139490835,Same Day,In Transit,2026-09-15 21:20:13,2026-09-18 07:20:13,false
TRK-2139490836,Next Day,In Transit,2026-09-16 05:20:13,2026-09-19 05:20:13,false
TRK-2139490837,Same Day,In Hub,2026-09-15 21:20:13,2026-09-18 02:20:13,false
TRK-2139490838,Regular,In Hub,2026-09-15 21:20:13,2026-09-18 22:20:13,false
TRK-2139490839,Next Day,In Transit,2026-09-15 23:20:13,2026-09-17 07:20:13,false
TRK-2139490840,Regular,In Hub,2026-09-16 06:20:13,2026-09-18 21:20:13,false
TRK-2139490841,Same Day,In Transit,2026-09-16 01:20:13,2026-09-19 02:20:13,false
TRK-2139490842,Regular,In Transit,2026-09-16 01:20:13,2026-09-19 06:20:13,false
TRK-2139490843,Same Day,In Transit,2026-09-15 22:20:13,2026-09-18 09:20:13,false
TRK-2139490844,Next Day,In Hub,2026-09-16 00:20:13,2026-09-18 21:20:13,false
TRK-2139490845,Same Day,In Transit,2026-09-16 01:20:13,2026-09-17 08:20:13,false
TRK-2139490846,Regular,In Hub,2026-09-15 23:20:13,2026-09-17 18:20:13,false
TRK-2139490847,Next Day,In Hub,2026-09-16 02:20:13,2026-09-18 04:20:13,false
TRK-2139490848,Next Day,In Hub,2026-09-15 23:20:13,2026-09-17 09:20:13,false
TRK-2139490849,Regular,In Transit,2026-09-16 01:20:13,2026-09-18 07:20:13,false
TRK-2139490850,Regular,In Hub,2026-09-16 00:20:13,2026-09-18 16:20:13,false
TRK-2139490851,Next Day,In Transit,2026-09-16 00:20:13,2026-09-17 09:20:13,false
TRK-2139490852,Regular,In Hub,2026-09-16 05:20:13,2026-09-17 09:20:13,false
TRK-2139490853,Same Day,In Transit,2026-09-16 00:20:13,2026-09-18 17:20:13,false
TRK-2139490854,Same Day,In Transit,2026-09-15 23:20:13,2026-09-18 15:20:13,false
TRK-2139490855,Regular,In Transit,2026-09-15 21:20:13,2026-09-18 05:20:13,false
TRK-2139490856,Next Day,In Hub,2026-09-16 03:20:13,2026-09-18 11:20:13,false
TRK-2139490857,Next Day,In Hub,2026-09-15 22:20:13,2026-09-17 18:20:13,false
TRK-2139490858,Next Day,In Transit,2026-09-16 00:20:13,2026-09-17 18:20:13,false
TRK-2139490859,Regular,In Hub,2026-09-15 21:20:13,2026-09-18 09:20:13,false
TRK-2139490860,Same Day,In Transit,2026-09-15 21:20:13,2026-09-18 23:20:13,false
TRK-2139490861,Same Day,In Hub,2026-09-15 22:20:13,2026-09-19 06:20:13,false
TRK-2139490862,Same Day,In Transit,2026-09-16 05:20:13,2026-09-19 04:20:13,false
TRK-2139490863,Regular,In Hub,2026-09-16 06:20:13,2026-09-19 01:20:13,false
TRK-2139490864,Next Day,In Transit,2026-09-16 02:20:13,2026-09-19 02:20:13,false
TRK-2139490865,Same Day,In Transit,2026-09-16 05:20:13,2026-09-17 21:20:13,false
TRK-2139490866,Same Day,In Transit,2026-09-16 03:20:13,2026-09-18 07:20:13,false
TRK-2139490867,Next Day,In Hub,2026-09-16 03:20:13,2026-09-18 20:20:13,false
TRK-2139490868,Next Day,In Hub,2026-09-16 02:20:13,2026-09-18 09:20:13,false
TRK-2139490869,Next Day,In Hub,2026-09-16 04:20:13,2026-09-19 02:20:13,false
TRK-2139490870,Same Day,In Hub,2026-09-15 22:20:13,2026-09-18 09:20:13,false
TRK-2139490871,Next Day,In Hub,2026-09-15 21:20:13,2026-09-19 00:20:13,false
TRK-2139490872,Next Day,In Transit,2026-09-15 23:20:13,2026-09-17 14:20:13,false
TRK-2139490873,Next Day,In Transit,2026-09-16 06:20:13,2026-09-17 18:20:13,false
TRK-2139490874,Same Day,In Transit,2026-09-15 21:20:13,2026-09-19 07:20:13,false
TRK-2139490875,Regular,In Hub,2026-09-16 00:20:13,2026-09-17 20:20:13,false
TRK-2139490876,Same Day,In Transit,2026-09-16 04:20:13,2026-09-18 09:20:13,false
TRK-2139490877,Same Day,In Transit,2026-09-16 00:20:13,2026-09-17 22:20:13,false
TRK-2139490878,Regular,In Hub,2026-09-15 21:20:13,2026-09-17 20:20:13,false
TRK-2139490879,Next Day,In Hub,2026-09-15 22:20:13,2026-09-18 23:20:13,false
TRK-2139490880,Same Day,In Hub,2026-09-16 01:20:13,2026-09-18 20:20:13,false
TRK-2139490881,Regular,In Hub,2026-09-16 06:20:13,2026-09-18 15:20:13,false
TRK-2139490882,Regular,In Hub,2026-09-16 06:20:13,2026-09-17 08:20:13,false
TRK-2139490883,Same Day,In Hub,2026-09-16 06:20:13,2026-09-18 02:20:13,false
TRK-2139490884,Next Day,In Transit,2026-09-16 05:20:13,2026-09-18 00:20:13,false
TRK-2139490885,Regular,In Hub,2026-09-16 04:20:13,2026-09-19 06:20:13,false
TRK-2139490886,Regular,In Hub,2026-09-16 06:20:13,2026-09-17 11:20:13,false
TRK-2139490887,Same Day,In Transit,2026-09-16 01:20:13,2026-09-18 23:20:13,false
TRK-2139490888,Next Day,In Transit,2026-09-16 04:20:13,2026-09-17 22:20:13,false
TRK-2139490889,Regular,In Hub,2026-09-16 00:20:13,2026-09-18 14:20:13,false
TRK-2139490890,Regular,In Hub,2026-09-16 01:20:13,2026-09-18 08:20:13,false
TRK-2139490891,Next Day,In Hub,2026-09-16 05:20:13,2026-09-17 13:20:13,false
TRK-2139490892,Same Day,In Transit,2026-09-16 06:20:13,2026-09-18 04:20:13,false
TRK-2139490893,Regular,In Transit,2026-09-16 06:20:13,2026-09-19 07:20:13,false
TRK-2139490894,Same Day,In Transit,2026-09-16 01:20:13,2026-09-17 10:20:13,false
TRK-2139490895,Same Day,In Hub,2026-09-16 06:20:13,2026-09-17 19:20:13,false
TRK-2139490896,Regular,In Hub,2026-09-15 23:20:13,2026-09-19 00:20:13,false
TRK-2139490897,Regular,In Hub,2026-09-16 03:20:13,2026-09-18 09:20:13,false
TRK-2139490898,Same Day,In Transit,2026-09-16 00:20:13,2026-09-17 23:20:13,false
TRK-2139490899,Next Day,In Transit,2026-09-16 05:20:13,2026-09-17 22:20:13,false
TRK-2139490900,Same Day,In Hub,2026-09-16 01:20:13,2026-09-18 00:20:13,false
TRK-2139490901,Regular,In Hub,2026-09-16 06:20:13,2026-09-17 09:20:13,false
TRK-2139490902,Same Day,In Hub,2026-09-16 05:20:13,2026-09-19 02:20:13,false
TRK-2139490903,Regular,In Hub,2026-09-16 01:20:13,2026-09-18 17:20:13,false
TRK-2139490904,Same Day,In Transit,2026-09-15 22:20:13,2026-09-17 18:20:13,false
TRK-2139490905,Regular,In Hub,2026-09-15 22:20:13,2026-09-17 10:20:13,false
TRK-2139490906,Next Day,In Hub,2026-09-16 05:20:13,2026-09-18 19:20:13,false
TRK-2139490907,Same Day,In Hub,2026-09-15 23:20:13,2026-09-19 03:20:13,false
TRK-2139490908,Next Day,In Transit,2026-09-15 21:20:13,2026-09-17 07:20:13,false
TRK-2139490909,Next Day,In Transit,2026-09-16 06:20:13,2026-09-18 16:20:13,false
TRK-2139490910,Same Day,In Transit,2026-09-15 21:20:13,2026-09-18 09:20:13,false
TRK-2139490911,Same Day,In Hub,2026-09-16 05:20:13,2026-09-17 18:20:13,false
TRK-2139490912,Regular,In Transit,2026-09-16 03:20:13,2026-09-17 18:20:13,false
TRK-2139490913,Same Day,In Transit,2026-09-16 05:20:13,2026-09-19 04:20:13,false
TRK-2139490914,Same Day,In Hub,2026-09-16 00:20:13,2026-09-18 20:20:13,false
TRK-2139490915,Regular,In Hub,2026-09-16 04:20:13,2026-09-18 05:20:13,false
TRK-2139490916,Same Day,In Transit,2026-09-15 21:20:13,2026-09-18 16:20:13,false
TRK-2139490917,Next Day,In Hub,2026-09-16 02:20:13,2026-09-18 13:20:13,false
TRK-2139490918,Regular,In Transit,2026-09-15 23:20:13,2026-09-17 10:20:13,false
TRK-2139490919,Regular,In Hub,2026-09-15 23:20:13,2026-09-18 07:20:13,false
TRK-2139490920,Same Day,In Transit,2026-09-16 02:20:13,2026-09-19 01:20:13,false
TRK-2139490921,Regular,In Hub,2026-09-16 05:20:13,2026-09-18 22:20:13,false
TRK-2139490922,Same Day,In Transit,2026-09-16 01:20:13,2026-09-18 23:20:13,false
TRK-2139490923,Next Day,In Transit,2026-09-16 00:20:13,2026-09-18 20:20:13,false
TRK-2139490924,Regular,In Transit,2026-09-15 21:20:13,2026-09-17 18:20:13,false
TRK-2139490925,Regular,In Hub,2026-09-15 23:20:13,2026-09-19 05:20:13,false
TRK-2139490926,Same Day,In Transit,2026-09-16 06:20:13,2026-09-19 06:20:13,false
TRK-2139490927,Regular,In Hub,2026-09-15 21:20:13,2026-09-18 06:20:13,false
TRK-2139490928,Next Day,In Hub,2026-09-16 04:20:13,2026-09-18 02:20:13,false
TRK-2139490929,Next Day,In Transit,2026-09-16 02:20:13,2026-09-17 14:20:13,false
TRK-2139490930,Next Day,In Transit,2026-09-15 23:20:13,2026-09-19 02:20:13,false
TRK-2139500931,Regular,In Hub,2026-09-15 23:20:13,2026-09-18 13:20:13,false
TRK-2139500932,Next Day,In Hub,2026-09-15 23:20:13,2026-09-17 20:20:13,false
TRK-2139500933,Same Day,In Hub,2026-09-15 22:20:13,2026-09-18 17:20:13,false
TRK-2139500934,Regular,In Transit,2026-09-16 04:20:13,2026-09-19 01:20:13,false
TRK-2139500935,Same Day,In Transit,2026-09-16 06:20:13,2026-09-17 23:20:13,false
TRK-2139500936,Regular,In Transit,2026-09-16 00:20:13,2026-09-19 07:20:13,false
TRK-2139500937,Next Day,In Hub,2026-09-15 22:20:13,2026-09-17 21:20:13,false
TRK-2139500938,Next Day,In Transit,2026-09-15 22:20:13,2026-09-18 11:20:13,false
TRK-2139500939,Next Day,In Hub,2026-09-16 04:20:13,2026-09-18 09:20:13,false
TRK-2139500940,Next Day,In Transit,2026-09-16 01:20:13,2026-09-18 10:20:13,false
TRK-2139500941,Next Day,In Transit,2026-09-16 02:20:13,2026-09-19 07:20:13,false
TRK-2139500942,Next Day,In Hub,2026-09-16 00:20:13,2026-09-17 07:20:13,false
TRK-2139500943,Next Day,In Hub,2026-09-15 22:20:13,2026-09-18 22:20:13,false
TRK-2139500944,Same Day,In Hub,2026-09-16 02:20:13,2026-09-17 10:20:13,false
TRK-2139500945,Regular,In Hub,2026-09-16 01:20:13,2026-09-18 10:20:13,false
TRK-2139500946,Next Day,In Transit,2026-09-16 02:20:13,2026-09-18 03:20:13,false
TRK-2139500947,Regular,In Transit,2026-09-16 01:20:13,2026-09-17 11:20:13,false
TRK-2139500948,Same Day,In Hub,2026-09-15 23:20:13,2026-09-19 05:20:13,false
TRK-2139500949,Next Day,In Hub,2026-09-16 06:20:13,2026-09-18 11:20:13,false
TRK-2139500950,Regular,In Hub,2026-09-15 21:20:13,2026-09-18 03:20:13,false
TRK-2139500951,Regular,In Transit,2026-09-16 04:20:13,2026-09-18 20:20:13,false
TRK-2139500952,Regular,In Hub,2026-09-16 01:20:13,2026-09-18 18:20:13,false
TRK-2139500953,Next Day,In Transit,2026-09-16 00:20:13,2026-09-18 16:20:13,false
TRK-2139500954,Regular,In Hub,2026-09-15 22:20:13,2026-09-17 09:20:13,false
TRK-2139500955,Regular,In Transit,2026-09-15 22:20:13,2026-09-18 21:20:13,false
TRK-2139500956,Regular,In Transit,2026-09-16 02:20:13,2026-09-18 14:20:13,false
TRK-2139500957,Same Day,In Hub,2026-09-16 01:20:13,2026-09-17 12:20:13,false
TRK-2139500958,Next Day,In Hub,2026-09-16 02:20:13,2026-09-18 01:20:13,false
TRK-2139500959,Regular,In Transit,2026-09-16 06:20:13,2026-09-18 19:20:13,false
TRK-2139500960,Regular,In Hub,2026-09-16 01:20:13,2026-09-18 21:20:13,false
TRK-2139500961,Same Day,In Hub,2026-09-16 01:20:13,2026-09-19 06:20:13,false
TRK-2139500962,Regular,In Transit,2026-09-15 22:20:13,2026-09-18 07:20:13,false
TRK-2139500963,Next Day,In Hub,2026-09-16 03:20:13,2026-09-18 17:20:13,false
TRK-2139500964,Next Day,In Transit,2026-09-16 02:20:13,2026-09-19 03:20:13,false
TRK-2139500965,Regular,In Transit,2026-09-15 22:20:13,2026-09-18 20:20:13,false
TRK-2139500966,Same Day,In Transit,2026-09-16 02:20:13,2026-09-18 03:20:13,false
TRK-2139500967,Same Day,In Transit,2026-09-15 23:20:13,2026-09-17 08:20:13,false
TRK-2139500968,Next Day,In Hub,2026-09-16 06:20:13,2026-09-19 07:20:13,false
TRK-2139500969,Next Day,In Transit,2026-09-15 23:20:13,2026-09-18 08:20:13,false
TRK-2139500970,Same Day,In Transit,2026-09-15 23:20:13,2026-09-18 16:20:13,false
TRK-2139500971,Next Day,In Hub,2026-09-16 05:20:13,2026-09-18 03:20:13,false
TRK-2139500972,Regular,In Transit,2026-09-16 00:20:13,2026-09-18 05:20:13,false
TRK-2139500973,Regular,In Transit,2026-09-16 05:20:13,2026-09-17 17:20:13,false
TRK-2139500974,Regular,In Transit,2026-09-15 23:20:13,2026-09-17 21:20:13,false
TRK-2139500975,Same Day,In Transit,2026-09-16 06:20:13,2026-09-17 18:20:13,false
TRK-2139500976,Same Day,In Transit,2026-09-16 01:20:13,2026-09-17 13:20:13,false
TRK-2139500977,Regular,In Transit,2026-09-16 06:20:13,2026-09-17 15:20:13,false
TRK-2139500978,Next Day,In Hub,2026-09-16 00:20:13,2026-09-19 06:20:13,false
TRK-2139500979,Next Day,In Hub,2026-09-16 06:20:13,2026-09-18 05:20:13,false
TRK-2139500980,Regular,In Transit,2026-09-16 05:20:13,2026-09-18 12:20:13,false
TRK-2139500981,Regular,In Transit,2026-09-16 05:20:13,2026-09-17 22:20:13,false
TRK-2139500982,Regular,In Transit,2026-09-16 06:20:13,2026-09-18 16:20:13,false
TRK-2139500983,Regular,In Hub,2026-09-16 06:20:13,2026-09-17 17:20:13,false
TRK-2139500984,Same Day,In Transit,2026-09-15 23:20:13,2026-09-18 03:20:13,false
TRK-2139500985,Regular,In Transit,2026-09-15 23:20:13,2026-09-18 22:20:13,false
TRK-2139500986,Regular,In Transit,2026-09-15 23:20:13,2026-09-17 08:20:13,false
TRK-2139500987,Next Day,In Hub,2026-09-15 22:20:13,2026-09-17 11:20:13,false
TRK-2139500988,Same Day,In Transit,2026-09-16 00:20:13,2026-09-18 16:20:13,false
TRK-2139500989,Same Day,In Hub,2026-09-16 04:20:13,2026-09-18 23:20:13,false
TRK-2139500990,Next Day,In Transit,2026-09-16 03:20:13,2026-09-18 01:20:13,false
TRK-2139500991,Next Day,In Transit,2026-09-16 06:20:13,2026-09-18 07:20:13,false
TRK-2139500992,Regular,In Transit,2026-09-16 00:20:13,2026-09-18 21:20:13,false
TRK-2139500993,Regular,In Hub,2026-09-16 00:20:13,2026-09-18 03:20:13,false
TRK-2139500994,Regular,In Transit,2026-09-15 23:20:13,2026-09-19 01:20:13,false
TRK-2139500995,Regular,In Hub,2026-09-16 03:20:13,2026-09-19 03:20:13,false
TRK-2139500996,Regular,In Transit,2026-09-15 23:20:13,2026-09-18 17:20:13,false
TRK-2139500997,Regular,In Transit,2026-09-16 05:20:13,2026-09-18 11:20:13,false
TRK-2139500998,Regular,In Transit,2026-09-16 03:20:13,2026-09-18 11:20:13,false
TRK-2139500999,Regular,In Hub,2026-09-16 05:20:13,2026-09-18 23:20:13,false
TRK-2139501000,Regular,In Transit,2026-09-16 04:20:13,2026-09-17 20:20:13,false
